15-19,0-1 partner,72,70.5
15-19,2-4 partners,17.2,17.4
15-19,5-9 partners,7.9,6.7
15-19,10-39 partners,2.9,5.1
15-19,40+ partners,0,0.3
20-24,0-1 partner,34.7,32.2
20-24,2-4 partners,28.8,25.1
20-24,5-9 partners,23.4,20.4
20-24,10-39 partners,12.2,19.3
20-24,40+ partners,0.9,3.1
25-29,0-1 partner,24.9,17.2
25-29,2-4 partners,30.6,25.6
25-29,5-9 partners,24,24.7
25-29,10-39 partners,18.6,27.8
25-29,40+ partners,2,4.7
30-34,0-1 partner,22.2,16.6
30-34,2-4 partners,30.9,21.4
30-34,5-9 partners,24.7,20
30-34,10-39 partners,20.1,33.2
30-34,40+ partners,2.1,8.8
35-39,0-1 partner,23.3,16.3
35-39,2-4 partners,30.3,21.5
35-39,5-9 partners,27.5,20
35-39,10-39 partners,17.5,34.2
35-39,40+ partners,1.5,8.1
40-44,0-1 partner,21.5,13.3
40-44,2-4 partners,30.5,23.2
40-44,5-9 partners,29.5,24.2
40-44,10-39 partners,16.2,32.2
40-44,40+ partners,2.3,7.1