1950,  1 754,  1 704,  1 730,  1 722,  1 523,  1 363,  1 373,  1 377,  1 325,  1 232,  1 164,  1 131,  1 116,  1 099,  1 075,  1 062,  1 058,  1 066,  1 091,  1 119,  1 145,  1 171,  1 196,  1 224,  1 242,  1 259,  1 272,  1 281,  1 282,  1 268,  1 249,  1 231,  1 212,  1 193,  1 176,  1 167,  1 161,  1 158,  1 151,  1 127,  1 108,  1 084,  1 054,  1 020,   982,   953,   928,   920,   915,   894,   882,   864,   847,   817,   786,   770,   754,   737,   718,   690,   666,   642,   623,   605,   581,   560,   538,   514,   485,   446,   414,   387,   361,   336,   309,   284,   259,   236,   212,   186,   164,   145,   127,   108,   91,   76,   64,   52,   42,   33,   26,   20,   16,   12,   9,   7,   5,   3,   2,   1,   3
1951,  1 797,  1 729,  1 701,  1 729,  1 717,  1 519,  1 361,  1 374,  1 379,  1 323,  1 229,  1 164,  1 132,  1 116,  1 098,  1 078,  1 067,  1 062,  1 069,  1 095,  1 122,  1 148,  1 172,  1 199,  1 225,  1 244,  1 262,  1 273,  1 282,  1 284,  1 269,  1 249,  1 231,  1 211,  1 190,  1 173,  1 166,  1 158,  1 153,  1 143,  1 119,  1 101,  1 078,  1 049,  1 015,   979,   951,   926,   915,   907,   891,   879,   855,   837,   808,   781,   766,   748,   730,   710,   681,   657,   634,   613,   593,   569,   548,   523,   498,   469,   431,   399,   370,   343,   318,   292,   267,   242,   218,   195,   171,   149,   131,   113,   96,   79,   66,   54,   44,   35,   28,   21,   16,   12,   9,   7,   5,   3,   2,   1,   3
1952,  1 834,  1 770,  1 723,  1 701,  1 729,  1 714,  1 515,  1 360,  1 376,  1 381,  1 321,  1 226,  1 164,  1 133,  1 116,  1 098,  1 080,  1 072,  1 066,  1 072,  1 099,  1 126,  1 151,  1 174,  1 201,  1 226,  1 245,  1 265,  1 275,  1 283,  1 285,  1 270,  1 249,  1 231,  1 210,  1 186,  1 171,  1 164,  1 155,  1 148,  1 136,  1 111,  1 094,  1 071,  1 045,  1 011,   976,   949,   923,   909,   899,   888,   876,   846,   827,   799,   775,   761,   742,   724,   701,   671,   649,   625,   602,   580,   557,   535,   508,   480,   451,   415,   383,   352,   324,   299,   274,   250,   224,   201,   179,   155,   135,   117,   100,   84,   69,   56,   46,   37,   29,   22,   17,   13,   9,   7,   5,   3,   2,   2,   3
1953,  1 875,  1 809,  1 763,  1 720,  1 702,  1 729,  1 710,  1 511,  1 359,  1 378,  1 383,  1 319,  1 223,  1 164,  1 134,  1 115,  1 097,  1 083,  1 077,  1 070,  1 076,  1 103,  1 129,  1 154,  1 176,  1 203,  1 228,  1 247,  1 268,  1 277,  1 284,  1 287,  1 271,  1 248,  1 232,  1 209,  1 183,  1 168,  1 163,  1 152,  1 143,  1 128,  1 103,  1 087,  1 064,  1 040,  1 006,   972,   947,   919,   904,   891,   885,   873,   836,   817,   790,   770,   756,   736,   717,   692,   661,   640,   616,   591,   567,   544,   522,   492,   462,   433,   398,   366,   333,   304,   280,   257,   232,   206,   184,   163,   141,   121,   104,   88,   72,   59,   48,   38,   30,   23,   17,   13,   10,   7,   5,   4,   2,   2,   3
1954,  1 920,  1 854,  1 805,  1 758,  1 719,  1 703,  1 729,  1 707,  1 507,  1 358,  1 379,  1 385,  1 317,  1 220,  1 163,  1 135,  1 115,  1 096,  1 085,  1 083,  1 074,  1 079,  1 107,  1 133,  1 157,  1 178,  1 206,  1 229,  1 248,  1 271,  1 278,  1 285,  1 288,  1 272,  1 248,  1 232,  1 208,  1 179,  1 165,  1 162,  1 149,  1 138,  1 120,  1 095,  1 079,  1 057,  1 035,  1 002,   969,   944,   916,   898,   882,   881,   869,   826,   807,   781,   764,   751,   729,   709,   683,   650,   630,   606,   580,   553,   531,   509,   476,   443,   414,   381,   348,   314,   284,   261,   239,   215,   189,   168,   147,   126,   108,   91,   76,   62,   49,   40,   32,   24,   18,   14,   10,   7,   5,   4,   3,   2,   3
1955,  1 969,  1 902,  1 853,  1 803,  1 755,  1 717,  1 705,  1 730,  1 704,  1 503,  1 357,  1 381,  1 387,  1 316,  1 217,  1 163,  1 136,  1 115,  1 095,  1 088,  1 088,  1 078,  1 083,  1 111,  1 137,  1 160,  1 179,  1 208,  1 231,  1 250,  1 274,  1 280,  1 286,  1 290,  1 272,  1 248,  1 232,  1 206,  1 175,  1 163,  1 161,  1 146,  1 133,  1 112,  1 086,  1 072,  1 050,  1 029,   997,   965,   941,   912,   892,   873,   878,   865,   816,   796,   771,   758,   746,   722,   702,   673,   639,   620,   596,   567,   539,   517,   495,   459,   424,   395,   363,   330,   294,   264,   241,   221,   197,   172,   152,   132,   112,   94,   79,   65,   52,   41,   33,   26,   19,   14,   10,   7,   5,   4,   3,   2,   3
1956,  2 013,  1 953,  1 904,  1 855,  1 803,  1 752,  1 716,  1 706,  1 730,  1 701,  1 499,  1 356,  1 383,  1 389,  1 314,  1 214,  1 163,  1 137,  1 114,  1 095,  1 090,  1 093,  1 082,  1 086,  1 114,  1 140,  1 163,  1 181,  1 210,  1 232,  1 251,  1 276,  1 281,  1 286,  1 291,  1 273,  1 247,  1 232,  1 205,  1 172,  1 160,  1 159,  1 143,  1 127,  1 104,  1 078,  1 064,  1 043,  1 024,   992,   961,   938,   908,   885,   865,   874,   861,   806,   785,   762,   751,   740,   715,   693,   662,   628,   609,   585,   555,   524,   502,   480,   441,   404,   375,   344,   312,   274,   243,   222,   204,   180,   155,   135,   117,   98,   82,   67,   54,   43,   34,   26,   20,   15,   11,   8,   5,   4,   2,   2,   3
1957,  2 048,  1 998,  1 957,  1 908,  1 858,  1 803,  1 749,  1 715,  1 708,  1 731,  1 698,  1 495,  1 355,  1 385,  1 391,  1 312,  1 211,  1 162,  1 137,  1 114,  1 094,  1 092,  1 099,  1 086,  1 089,  1 118,  1 144,  1 166,  1 183,  1 213,  1 234,  1 252,  1 279,  1 283,  1 287,  1 293,  1 274,  1 247,  1 232,  1 204,  1 168,  1 157,  1 157,  1 139,  1 122,  1 096,  1 069,  1 056,  1 035,  1 018,   986,   957,   935,   904,   879,   855,   869,   857,   795,   774,   751,   744,   734,   706,   684,   651,   615,   598,   573,   541,   508,   487,   464,   422,   383,   354,   325,   292,   253,   222,   202,   186,   163,   138,   119,   101,   84,   69,   56,   45,   35,   27,   21,   16,   12,   8,   6,   4,   2,   2,   3
1958,  2 079,  2 032,  2 003,  1 964,  1 914,  1 862,  1 803,  1 746,  1 714,  1 710,  1 732,  1 695,  1 492,  1 355,  1 387,  1 394,  1 310,  1 207,  1 162,  1 138,  1 114,  1 093,  1 095,  1 104,  1 091,  1 093,  1 122,  1 147,  1 169,  1 185,  1 215,  1 235,  1 254,  1 282,  1 284,  1 288,  1 294,  1 274,  1 246,  1 232,  1 202,  1 164,  1 153,  1 155,  1 136,  1 115,  1 087,  1 060,  1 047,  1 027,  1 012,   981,   952,   931,   899,   871,   845,   865,   852,   784,   762,   740,   736,   727,   697,   674,   638,   601,   585,   561,   527,   492,   470,   447,   402,   361,   331,   304,   272,   232,   201,   182,   168,   146,   120,   103,   86,   71,   58,   46,   36,   28,   21,   16,   12,   9,   6,   4,   2,   1,   3
1959,  2 088,  2 060,  2 032,  2 006,  1 968,  1 917,  1 864,  1 803,  1 746,  1 716,  1 713,  1 733,  1 694,  1 493,  1 357,  1 391,  1 397,  1 310,  1 209,  1 165,  1 141,  1 116,  1 096,  1 101,  1 110,  1 095,  1 098,  1 126,  1 152,  1 172,  1 187,  1 218,  1 236,  1 256,  1 284,  1 286,  1 289,  1 296,  1 274,  1 246,  1 232,  1 200,  1 161,  1 152,  1 153,  1 132,  1 111,  1 080,  1 054,  1 041,  1 022,  1 007,   975,   947,   926,   893,   864,   837,   862,   842,   773,   751,   730,   728,   717,   687,   663,   624,   589,   572,   547,   511,   475,   454,   429,   381,   340,   312,   286,   252,   212,   182,   165,   152,   129,   106,   89,   74,   60,   48,   38,   29,   22,   16,   12,   9,   6,   4,   3,   1,   3
1960,  2 088,  2 066,  2 054,  2 030,  2 006,  1 969,  1 919,  1 866,  1 805,  1 749,  1 720,  1 717,  1 738,  1 699,  1 497,  1 362,  1 396,  1 402,  1 316,  1 215,  1 171,  1 147,  1 122,  1 102,  1 107,  1 116,  1 100,  1 103,  1 131,  1 156,  1 176,  1 191,  1 222,  1 239,  1 259,  1 287,  1 287,  1 290,  1 296,  1 274,  1 245,  1 231,  1 199,  1 159,  1 150,  1 151,  1 129,  1 108,  1 077,  1 050,  1 036,  1 017,  1 002,   970,   942,   921,   888,   858,   831,   854,   833,   765,   742,   720,   717,   705,   675,   651,   611,   575,   558,   531,   495,   458,   436,   409,   363,   322,   294,   267,   234,   195,   167,   150,   136,   115,   93,   78,   64,   52,   41,   32,   24,   18,   13,   10,   7,   5,   3,   2,   3
1961,  2 096,  2 063,  2 060,  2 052,  2 031,  2 009,  1 972,  1 922,  1 870,  1 809,  1 753,  1 725,  1 722,  1 743,  1 705,  1 504,  1 369,  1 404,  1 409,  1 323,  1 222,  1 179,  1 156,  1 130,  1 110,  1 114,  1 123,  1 107,  1 110,  1 137,  1 161,  1 180,  1 195,  1 225,  1 242,  1 262,  1 289,  1 289,  1 291,  1 297,  1 274,  1 244,  1 230,  1 198,  1 157,  1 148,  1 148,  1 126,  1 105,  1 073,  1 046,  1 032,  1 012,   997,   965,   937,   915,   882,   852,   824,   845,   823,   756,   732,   710,   706,   694,   662,   638,   598,   562,   542,   515,   478,   441,   418,   390,   344,   304,   275,   248,   215,   179,   151,   135,   121,   101,   82,   68,   55,   44,   35,   27,   20,   14,   10,   7,   5,   3,   2,   3
1962,  2 073,  2 068,  2 057,  2 058,  2 054,  2 034,  2 013,  1 977,  1 927,  1 875,  1 815,  1 759,  1 732,  1 729,  1 751,  1 713,  1 512,  1 378,  1 412,  1 418,  1 332,  1 232,  1 188,  1 166,  1 140,  1 119,  1 123,  1 131,  1 115,  1 117,  1 143,  1 167,  1 186,  1 200,  1 230,  1 247,  1 266,  1 292,  1 291,  1 293,  1 297,  1 274,  1 244,  1 230,  1 196,  1 156,  1 146,  1 146,  1 123,  1 101,  1 070,  1 042,  1 028,  1 008,   992,   960,   932,   910,   876,   846,   816,   835,   813,   746,   723,   700,   694,   681,   650,   624,   585,   547,   527,   498,   460,   423,   398,   369,   324,   285,   256,   229,   197,   163,   137,   120,   107,   89,   71,   59,   47,   37,   29,   22,   16,   11,   8,   6,   4,   2,   3
1963,  2 026,  2 045,  2 062,  2 055,  2 060,  2 057,  2 038,  2 017,  1 981,  1 932,  1 880,  1 821,  1 767,  1 739,  1 737,  1 759,  1 721,  1 521,  1 387,  1 422,  1 428,  1 342,  1 242,  1 199,  1 176,  1 150,  1 128,  1 132,  1 139,  1 122,  1 123,  1 149,  1 172,  1 191,  1 205,  1 234,  1 250,  1 268,  1 294,  1 293,  1 293,  1 297,  1 274,  1 243,  1 228,  1 195,  1 154,  1 143,  1 143,  1 120,  1 098,  1 066,  1 038,  1 023,  1 003,   987,   955,   926,   904,   869,   838,   807,   825,   801,   736,   712,   689,   682,   668,   636,   610,   570,   532,   509,   478,   440,   403,   377,   348,   304,   265,   236,   209,   179,   146,   122,   107,   94,   77,   61,   50,   40,   31,   24,   18,   13,   9,   6,   4,   3,   4
1964,  1 992,  1 998,  2 038,  2 060,  2 056,  2 063,  2 061,  2 043,  2 022,  1 986,  1 937,  1 887,  1 828,  1 774,  1 747,  1 745,  1 767,  1 730,  1 530,  1 396,  1 431,  1 437,  1 352,  1 252,  1 209,  1 185,  1 159,  1 137,  1 140,  1 147,  1 129,  1 129,  1 155,  1 178,  1 196,  1 209,  1 238,  1 253,  1 271,  1 295,  1 293,  1 293,  1 297,  1 273,  1 242,  1 226,  1 193,  1 152,  1 141,  1 139,  1 116,  1 093,  1 061,  1 033,  1 018,   998,   982,   949,   920,   897,   862,   829,   798,   813,   790,   725,   701,   677,   669,   654,   622,   594,   554,   514,   490,   458,   420,   382,   356,   327,   283,   245,   217,   190,   161,   131,   108,   94,   82,   67,   53,   42,   34,   26,   19,   14,   10,   6,   4,   3,   4
1965,  1 924,  1 965,  1 991,  2 036,  2 061,  2 060,  2 067,  2 066,  2 047,  2 027,  1 992,  1 944,  1 894,  1 836,  1 782,  1 755,  1 754,  1 776,  1 739,  1 539,  1 406,  1 441,  1 448,  1 362,  1 262,  1 219,  1 194,  1 167,  1 145,  1 148,  1 154,  1 135,  1 135,  1 160,  1 182,  1 200,  1 213,  1 241,  1 256,  1 272,  1 296,  1 293,  1 293,  1 296,  1 271,  1 240,  1 224,  1 190,  1 149,  1 137,  1 135,  1 111,  1 088,  1 056,  1 028,  1 012,   992,   976,   943,   913,   889,   852,   820,   788,   802,   778,   714,   690,   664,   655,   640,   606,   578,   537,   496,   470,   437,   399,   362,   335,   304,   261,   225,   198,   172,   144,   116,   96,   82,   71,   57,   45,   35,   28,   21,   15,   11,   7,   5,   3,   4
1966,  1 834,  1 897,  1 958,  1 990,  2 038,  2 065,  2 064,  2 072,  2 070,  2 052,  2 032,  1 998,  1 951,  1 901,  1 843,  1 790,  1 763,  1 763,  1 785,  1 748,  1 549,  1 416,  1 451,  1 458,  1 372,  1 272,  1 228,  1 203,  1 176,  1 153,  1 154,  1 160,  1 141,  1 141,  1 165,  1 187,  1 204,  1 216,  1 243,  1 257,  1 273,  1 296,  1 293,  1 292,  1 295,  1 270,  1 238,  1 221,  1 187,  1 145,  1 133,  1 131,  1 107,  1 084,  1 051,  1 022,  1 007,   986,   970,   935,   905,   879,   843,   810,   778,   790,   765,   702,   677,   651,   641,   623,   589,   560,   518,   476,   448,   415,   377,   340,   312,   281,   240,   205,   178,   154,   128,   102,   84,   71,   61,   48,   37,   29,   22,   16,   11,   8,   5,   3,   5
1967,  1 775,  1 808,  1 890,  1 956,  1 991,  2 041,  2 069,  2 068,  2 076,  2 075,  2 058,  2 038,  2 005,  1 958,  1 909,  1 851,  1 798,  1 772,  1 771,  1 794,  1 757,  1 558,  1 425,  1 461,  1 468,  1 381,  1 281,  1 236,  1 211,  1 183,  1 160,  1 160,  1 165,  1 146,  1 145,  1 170,  1 191,  1 207,  1 218,  1 245,  1 258,  1 273,  1 295,  1 292,  1 291,  1 293,  1 267,  1 235,  1 218,  1 183,  1 141,  1 129,  1 126,  1 102,  1 078,  1 045,  1 017,  1 001,   980,   962,   927,   895,   869,   832,   800,   767,   777,   752,   689,   664,   637,   625,   606,   571,   540,   497,   455,   426,   392,   354,   317,   289,   259,   219,   186,   160,   137,   113,   89,   72,   61,   51,   40,   30,   23,   17,   12,   8,   6,   4,   5
1968,  1 746,  1 750,  1 802,  1 889,  1 958,  1 994,  2 045,  2 073,  2 072,  2 081,  2 080,  2 064,  2 045,  2 012,  1 965,  1 916,  1 859,  1 806,  1 780,  1 779,  1 802,  1 766,  1 567,  1 435,  1 470,  1 476,  1 390,  1 289,  1 244,  1 218,  1 189,  1 165,  1 165,  1 170,  1 150,  1 149,  1 173,  1 193,  1 209,  1 220,  1 245,  1 257,  1 272,  1 295,  1 290,  1 289,  1 290,  1 264,  1 231,  1 214,  1 179,  1 137,  1 124,  1 121,  1 096,  1 072,  1 039,  1 010,   994,   972,   953,   917,   885,   859,   822,   789,   755,   763,   737,   675,   650,   621,   607,   587,   551,   519,   475,   433,   403,   368,   330,   294,   266,   236,   198,   166,   142,   120,   98,   77,   62,   51,   42,   33,   24,   18,   13,   9,   6,   4,   6
1969,  1 770,  1 722,  1 745,  1 800,  1 890,  1 961,  1 998,  2 049,  2 077,  2 077,  2 086,  2 086,  2 070,  2 051,  2 019,  1 972,  1 923,  1 867,  1 814,  1 788,  1 787,  1 810,  1 774,  1 576,  1 443,  1 478,  1 484,  1 397,  1 296,  1 250,  1 224,  1 194,  1 170,  1 170,  1 174,  1 154,  1 153,  1 176,  1 195,  1 210,  1 220,  1 245,  1 257,  1 271,  1 292,  1 288,  1 286,  1 287,  1 260,  1 227,  1 209,  1 174,  1 132,  1 119,  1 115,  1 090,  1 065,  1 032,  1 002,   985,   963,   943,   907,   874,   848,   810,   777,   742,   748,   721,   661,   634,   604,   588,   566,   529,   496,   453,   410,   378,   343,   306,   271,   243,   213,   178,   148,   125,   104,   84,   66,   52,   42,   34,   26,   19,   14,   10,   6,   4,   6
1970,  1 834,  1 744,  1 716,  1 743,  1 802,  1 894,  1 965,  2 003,  2 054,  2 082,  2 082,  2 092,  2 093,  2 077,  2 059,  2 026,  1 981,  1 932,  1 875,  1 823,  1 797,  1 797,  1 820,  1 784,  1 586,  1 453,  1 487,  1 492,  1 405,  1 303,  1 257,  1 230,  1 200,  1 175,  1 175,  1 179,  1 158,  1 156,  1 178,  1 197,  1 211,  1 220,  1 245,  1 256,  1 270,  1 290,  1 286,  1 283,  1 283,  1 256,  1 223,  1 205,  1 169,  1 127,  1 113,  1 109,  1 083,  1 059,  1 025,   995,   977,   954,   933,   896,   864,   836,   798,   764,   729,   732,   705,   645,   617,   585,   567,   544,   506,   472,   429,   387,   354,   318,   282,   248,   220,   192,   159,   131,   110,   91,   72,   56,   44,   35,   27,   20,   14,   10,   7,   4,   7
1971,  1 829,  1 801,  1 731,  1 709,  1 740,  1 802,  1 896,  1 969,  2 008,  2 061,  2 090,  2 091,  2 101,  2 102,  2 087,  2 069,  2 037,  1 991,  1 943,  1 887,  1 834,  1 809,  1 809,  1 833,  1 797,  1 598,  1 464,  1 498,  1 502,  1 414,  1 311,  1 264,  1 236,  1 205,  1 180,  1 179,  1 182,  1 161,  1 158,  1 180,  1 198,  1 211,  1 220,  1 244,  1 255,  1 268,  1 288,  1 283,  1 280,  1 281,  1 253,  1 219,  1 201,  1 165,  1 122,  1 108,  1 103,  1 077,  1 052,  1 018,   987,   968,   945,   924,   887,   853,   825,   786,   751,   715,   717,   688,   628,   599,   566,   545,   520,   482,   448,   405,   362,   329,   294,   259,   225,   198,   171,   140,   114,   95,   77,   61,   47,   36,   28,   22,   16,   11,   7,   5,   7
1972,  1 717,  1 794,  1 783,  1 718,  1 699,  1 734,  1 800,  1 898,  1 975,  2 016,  2 069,  2 099,  2 100,  2 111,  2 112,  2 097,  2 079,  2 048,  2 003,  1 956,  1 899,  1 847,  1 821,  1 822,  1 845,  1 809,  1 610,  1 475,  1 508,  1 511,  1 422,  1 318,  1 269,  1 240,  1 209,  1 183,  1 181,  1 184,  1 162,  1 158,  1 180,  1 197,  1 210,  1 219,  1 243,  1 253,  1 266,  1 287,  1 282,  1 279,  1 278,  1 251,  1 216,  1 197,  1 160,  1 118,  1 103,  1 097,  1 071,  1 046,  1 012,   980,   961,   937,   915,   877,   842,   813,   773,   738,   700,   700,   670,   610,   579,   544,   522,   495,   457,   421,   378,   336,   303,   268,   234,   201,   175,   149,   120,   97,   80,   64,   50,   38,   29,   22,   17,   12,   8,   5,   8
1973,  1 618,  1 684,  1 776,  1 769,  1 708,  1 694,  1 733,  1 803,  1 904,  1 983,  2 025,  2 078,  2 108,  2 110,  2 120,  2 122,  2 107,  2 090,  2 059,  2 015,  1 968,  1 911,  1 859,  1 834,  1 834,  1 857,  1 821,  1 620,  1 485,  1 516,  1 519,  1 428,  1 323,  1 273,  1 243,  1 212,  1 185,  1 183,  1 184,  1 162,  1 158,  1 179,  1 197,  1 209,  1 217,  1 241,  1 252,  1 265,  1 285,  1 280,  1 277,  1 276,  1 247,  1 212,  1 192,  1 156,  1 112,  1 097,  1 091,  1 064,  1 039,  1 004,   972,   952,   928,   905,   865,   830,   800,   759,   722,   684,   681,   650,   590,   557,   520,   497,   469,   430,   394,   351,   310,   277,   243,   209,   178,   152,   128,   102,   81,   66,   52,   40,   30,   22,   17,   13,   9,   6,   9
1974,  1 594,  1 587,  1 667,  1 763,  1 761,  1 704,  1 693,  1 736,  1 808,  1 911,  1 990,  2 033,  2 086,  2 117,  2 119,  2 129,  2 131,  2 117,  2 101,  2 070,  2 026,  1 979,  1 922,  1 870,  1 845,  1 845,  1 868,  1 830,  1 629,  1 493,  1 523,  1 524,  1 433,  1 326,  1 276,  1 246,  1 214,  1 186,  1 183,  1 185,  1 162,  1 158,  1 179,  1 195,  1 208,  1 215,  1 239,  1 250,  1 263,  1 283,  1 277,  1 274,  1 272,  1 243,  1 207,  1 187,  1 150,  1 106,  1 090,  1 084,  1 057,  1 031,   996,   964,   943,   917,   893,   853,   817,   785,   744,   706,   666,   660,   628,   568,   534,   496,   472,   443,   403,   366,   324,   284,   251,   217,   185,   156,   132,   109,   86,   68,   54,   42,   32,   24,   17,   13,   9,   6,   10
1975,  1 596,  1 566,  1 572,  1 656,  1 755,  1 756,  1 703,  1 695,  1 740,  1 815,  1 918,  1 998,  2 040,  2 094,  2 125,  2 127,  2 138,  2 141,  2 126,  2 110,  2 080,  2 036,  1 988,  1 932,  1 880,  1 855,  1 854,  1 876,  1 838,  1 636,  1 499,  1 528,  1 528,  1 436,  1 329,  1 278,  1 247,  1 215,  1 187,  1 184,  1 184,  1 162,  1 157,  1 177,  1 194,  1 206,  1 214,  1 238,  1 248,  1 261,  1 280,  1 274,  1 270,  1 267,  1 238,  1 202,  1 181,  1 144,  1 100,  1 084,  1 077,  1 049,  1 022,   987,   954,   933,   906,   881,   840,   803,   770,   727,   688,   648,   639,   606,   546,   511,   473,   446,   416,   376,   339,   298,   258,   226,   194,   163,   136,   113,   93,   72,   56,   44,   34,   26,   19,   13,   10,   7,   11
1976,  1 601,  1 569,  1 551,  1 561,  1 648,  1 751,  1 755,  1 705,  1 700,  1 747,  1 821,  1 925,  2 005,  2 048,  2 102,  2 132,  2 135,  2 146,  2 149,  2 136,  2 120,  2 089,  2 045,  1 998,  1 942,  1 890,  1 864,  1 863,  1 884,  1 844,  1 642,  1 504,  1 532,  1 531,  1 438,  1 331,  1 280,  1 248,  1 215,  1 187,  1 183,  1 184,  1 161,  1 156,  1 176,  1 192,  1 204,  1 212,  1 236,  1 246,  1 258,  1 277,  1 270,  1 265,  1 262,  1 233,  1 196,  1 175,  1 137,  1 093,  1 076,  1 069,  1 040,  1 013,   977,   943,   921,   894,   868,   826,   787,   753,   710,   670,   628,   616,   582,   523,   487,   448,   420,   390,   349,   313,   272,   234,   202,   171,   143,   117,   96,   78,   60,   46,   36,   27,   20,   14,   10,   7,   12
1977,  1 646,  1 575,  1 555,  1 541,  1 554,  1 644,  1 750,  1 757,  1 709,  1 706,  1 753,  1 828,  1 932,  2 012,  2 055,  2 109,  2 140,  2 143,  2 155,  2 158,  2 144,  2 128,  2 098,  2 054,  2 007,  1 951,  1 898,  1 871,  1 869,  1 890,  1 850,  1 646,  1 507,  1 535,  1 533,  1 440,  1 332,  1 281,  1 249,  1 215,  1 187,  1 183,  1 183,  1 160,  1 155,  1 175,  1 191,  1 203,  1 211,  1 234,  1 244,  1 255,  1 273,  1 266,  1 261,  1 257,  1 226,  1 190,  1 168,  1 130,  1 085,  1 068,  1 060,  1 031,  1 003,   966,   932,   909,   881,   853,   810,   770,   735,   691,   649,   606,   593,   559,   500,   463,   423,   394,   363,   323,   286,   247,   210,   179,   150,   124,   100,   81,   65,   49,   37,   28,   21,   15,   11,   7,   13
1978,  1 690,  1 622,  1 562,  1 546,  1 535,  1 551,  1 644,  1 752,  1 761,  1 714,  1 712,  1 759,  1 834,  1 939,  2 019,  2 062,  2 116,  2 147,  2 150,  2 163,  2 166,  2 152,  2 136,  2 106,  2 062,  2 015,  1 958,  1 905,  1 878,  1 875,  1 895,  1 854,  1 649,  1 510,  1 537,  1 535,  1 441,  1 333,  1 281,  1 249,  1 215,  1 186,  1 182,  1 182,  1 159,  1 153,  1 173,  1 189,  1 201,  1 209,  1 231,  1 241,  1 251,  1 269,  1 261,  1 255,  1 251,  1 220,  1 183,  1 161,  1 122,  1 077,  1 059,  1 050,  1 020,   991,   954,   919,   896,   867,   837,   793,   752,   716,   670,   628,   584,   569,   534,   477,   438,   397,   368,   336,   296,   260,   222,   187,   158,   131,   106,   85,   68,   53,   40,   30,   22,   16,   11,   8,   13
1979,  1 731,  1 667,  1 610,  1 554,  1 540,  1 531,  1 550,  1 645,  1 756,  1 766,  1 720,  1 717,  1 765,  1 841,  1 945,  2 025,  2 068,  2 123,  2 154,  2 158,  2 170,  2 174,  2 160,  2 144,  2 114,  2 070,  2 022,  1 965,  1 911,  1 883,  1 879,  1 898,  1 856,  1 651,  1 511,  1 538,  1 536,  1 442,  1 333,  1 281,  1 248,  1 214,  1 186,  1 181,  1 181,  1 157,  1 152,  1 172,  1 188,  1 199,  1 207,  1 229,  1 237,  1 247,  1 263,  1 255,  1 249,  1 244,  1 213,  1 176,  1 153,  1 113,  1 068,  1 049,  1 039,  1 008,   979,   941,   906,   881,   851,   820,   774,   732,   695,   649,   605,   561,   545,   509,   451,   412,   371,   341,   309,   269,   234,   198,   165,   138,   112,   90,   71,   56,   43,   32,   23,   17,   12,   8,   14
1980,  1 787,  1 707,  1 655,  1 601,  1 547,  1 536,  1 531,  1 552,  1 649,  1 761,  1 772,  1 726,  1 724,  1 772,  1 847,  1 952,  2 032,  2 076,  2 131,  2 162,  2 165,  2 178,  2 181,  2 168,  2 152,  2 122,  2 077,  2 029,  1 971,  1 916,  1 888,  1 883,  1 901,  1 858,  1 653,  1 513,  1 539,  1 536,  1 442,  1 333,  1 280,  1 248,  1 214,  1 185,  1 180,  1 179,  1 156,  1 151,  1 170,  1 186,  1 197,  1 204,  1 225,  1 233,  1 242,  1 258,  1 249,  1 242,  1 237,  1 205,  1 168,  1 144,  1 104,  1 058,  1 039,  1 027,   996,   966,   927,   891,   865,   833,   801,   754,   712,   673,   626,   582,   538,   519,   482,   424,   384,   344,   313,   281,   243,   209,   175,   144,   118,   95,   76,   59,   45,   35,   25,   18,   13,   9,   15
1981,  1 813,  1 763,  1 695,  1 646,  1 594,  1 543,  1 535,  1 531,  1 555,  1 654,  1 767,  1 779,  1 734,  1 732,  1 781,  1 857,  1 961,  2 042,  2 086,  2 141,  2 172,  2 175,  2 187,  2 190,  2 176,  2 160,  2 130,  2 084,  2 035,  1 977,  1 921,  1 892,  1 887,  1 904,  1 860,  1 655,  1 514,  1 539,  1 536,  1 441,  1 332,  1 279,  1 246,  1 212,  1 183,  1 178,  1 177,  1 154,  1 148,  1 168,  1 183,  1 194,  1 200,  1 220,  1 227,  1 236,  1 251,  1 241,  1 234,  1 228,  1 195,  1 157,  1 133,  1 092,  1 046,  1 025,  1 012,   980,   949,   910,   873,   846,   813,   779,   732,   689,   649,   601,   557,   513,   491,   452,   396,   356,   316,   285,   253,   216,   184,   152,   124,   100,   79,   62,   48,   36,   27,   20,   14,   10,   17
1982,  1 830,  1 792,  1 752,  1 687,  1 640,  1 590,  1 541,  1 534,  1 533,  1 559,  1 661,  1 776,  1 789,  1 744,  1 743,  1 792,  1 869,  1 974,  2 054,  2 098,  2 152,  2 182,  2 184,  2 195,  2 198,  2 184,  2 168,  2 137,  2 091,  2 041,  1 982,  1 926,  1 896,  1 890,  1 906,  1 861,  1 655,  1 514,  1 538,  1 534,  1 439,  1 330,  1 277,  1 244,  1 209,  1 180,  1 174,  1 174,  1 151,  1 145,  1 164,  1 179,  1 189,  1 194,  1 214,  1 220,  1 227,  1 241,  1 231,  1 223,  1 216,  1 183,  1 144,  1 119,  1 077,  1 031,  1 009,   995,   962,   931,   891,   852,   825,   791,   756,   709,   664,   624,   576,   532,   486,   462,   423,   368,   328,   288,   257,   226,   191,   161,   132,   105,   84,   66,   51,   39,   29,   22,   15,   11,   18
1983,  1 832,  1 807,  1 780,  1 743,  1 680,  1 635,  1 587,  1 540,  1 536,  1 537,  1 566,  1 670,  1 786,  1 800,  1 756,  1 756,  1 806,  1 883,  1 987,  2 067,  2 109,  2 163,  2 192,  2 193,  2 204,  2 207,  2 193,  2 176,  2 144,  2 097,  2 047,  1 986,  1 930,  1 899,  1 892,  1 907,  1 862,  1 655,  1 513,  1 537,  1 532,  1 436,  1 327,  1 274,  1 241,  1 207,  1 177,  1 171,  1 171,  1 148,  1 141,  1 159,  1 174,  1 183,  1 188,  1 207,  1 212,  1 218,  1 231,  1 220,  1 211,  1 203,  1 169,  1 129,  1 103,  1 062,  1 015,   992,   977,   943,   911,   870,   831,   802,   767,   732,   684,   639,   598,   549,   505,   458,   432,   392,   339,   300,   261,   230,   200,   167,   139,   112,   88,   69,   54,   41,   31,   23,   17,   12,   20
1984,  1 827,  1 810,  1 795,  1 771,  1 737,  1 676,  1 633,  1 586,  1 542,  1 540,  1 544,  1 575,  1 680,  1 797,  1 812,  1 769,  1 770,  1 820,  1 897,  2 000,  2 079,  2 121,  2 173,  2 202,  2 203,  2 213,  2 216,  2 201,  2 183,  2 150,  2 103,  2 051,  1 991,  1 933,  1 901,  1 893,  1 907,  1 862,  1 654,  1 512,  1 535,  1 530,  1 434,  1 325,  1 271,  1 239,  1 203,  1 174,  1 168,  1 168,  1 144,  1 137,  1 155,  1 169,  1 177,  1 181,  1 199,  1 203,  1 208,  1 220,  1 208,  1 199,  1 190,  1 154,  1 113,  1 087,  1 045,   998,   974,   958,   923,   889,   849,   808,   778,   743,   706,   657,   612,   570,   521,   476,   429,   401,   361,   309,   271,   233,   203,   175,   144,   118,   94,   73,   57,   44,   33,   25,   18,   13,   22
1985,  1 845,  1 805,  1 798,  1 787,  1 765,  1 733,  1 673,  1 632,  1 588,  1 546,  1 547,  1 553,  1 585,  1 691,  1 809,  1 824,  1 782,  1 783,  1 833,  1 909,  2 012,  2 090,  2 131,  2 182,  2 210,  2 211,  2 222,  2 223,  2 208,  2 189,  2 156,  2 107,  2 055,  1 994,  1 936,  1 903,  1 894,  1 907,  1 861,  1 653,  1 510,  1 533,  1 527,  1 431,  1 322,  1 269,  1 235,  1 201,  1 171,  1 165,  1 164,  1 140,  1 133,  1 150,  1 163,  1 170,  1 173,  1 190,  1 193,  1 197,  1 208,  1 196,  1 185,  1 175,  1 139,  1 097,  1 070,  1 028,   980,   955,   937,   901,   867,   826,   784,   753,   716,   679,   630,   584,   541,   491,   446,   399,   369,   329,   279,   242,   206,   178,   151,   122,   99,   78,   60,   46,   35,   26,   19,   14,   24
1986,  1 858,  1 826,  1 795,  1 791,  1 781,  1 761,  1 730,  1 673,  1 633,  1 592,  1 552,  1 555,  1 562,  1 594,  1 701,  1 820,  1 836,  1 794,  1 794,  1 844,  1 919,  2 022,  2 099,  2 139,  2 190,  2 218,  2 218,  2 228,  2 229,  2 213,  2 194,  2 159,  2 111,  2 058,  1 996,  1 936,  1 903,  1 893,  1 906,  1 859,  1 651,  1 507,  1 530,  1 524,  1 428,  1 319,  1 265,  1 232,  1 198,  1 168,  1 162,  1 160,  1 135,  1 128,  1 144,  1 156,  1 163,  1 165,  1 181,  1 182,  1 186,  1 195,  1 182,  1 170,  1 159,  1 122,  1 080,  1 053,  1 010,   961,   935,   915,   878,   844,   801,   759,   726,   689,   650,   601,   554,   510,   460,   415,   368,   337,   297,   249,   214,   180,   153,   128,   102,   81,   63,   48,   36,   27,   20,   14,   25
1987,  1 870,  1 841,  1 816,  1 788,  1 786,  1 777,  1 758,  1 730,  1 674,  1 637,  1 597,  1 559,  1 563,  1 571,  1 604,  1 711,  1 830,  1 846,  1 804,  1 804,  1 853,  1 928,  2 029,  2 106,  2 145,  2 196,  2 224,  2 224,  2 233,  2 233,  2 217,  2 197,  2 162,  2 112,  2 059,  1 996,  1 936,  1 902,  1 892,  1 904,  1 857,  1 648,  1 505,  1 527,  1 521,  1 425,  1 316,  1 262,  1 229,  1 194,  1 164,  1 157,  1 155,  1 130,  1 122,  1 137,  1 149,  1 155,  1 156,  1 170,  1 171,  1 173,  1 182,  1 168,  1 155,  1 143,  1 105,  1 062,  1 034,   990,   941,   914,   892,   854,   819,   776,   733,   699,   660,   621,   571,   523,   478,   428,   383,   337,   304,   266,   221,   187,   155,   130,   107,   84,   66,   50,   38,   28,   21,   15,   27
1988,  1 907,  1 853,  1 831,  1 810,  1 783,  1 782,  1 775,  1 758,  1 731,  1 677,  1 642,  1 604,  1 567,  1 571,  1 579,  1 613,  1 720,  1 839,  1 856,  1 813,  1 813,  1 861,  1 935,  2 036,  2 112,  2 152,  2 202,  2 230,  2 229,  2 237,  2 237,  2 219,  2 199,  2 164,  2 113,  2 059,  1 996,  1 935,  1 900,  1 890,  1 902,  1 854,  1 645,  1 502,  1 524,  1 518,  1 422,  1 312,  1 259,  1 226,  1 191,  1 160,  1 153,  1 150,  1 124,  1 115,  1 130,  1 141,  1 146,  1 146,  1 160,  1 159,  1 160,  1 167,  1 152,  1 139,  1 125,  1 087,  1 043,  1 014,   970,   920,   891,   868,   829,   793,   749,   705,   670,   631,   589,   538,   490,   445,   395,   351,   305,   272,   234,   193,   161,   131,   108,   88,   68,   52,   39,   29,   21,   15,   28
1989,  1 957,  1 890,  1 845,  1 825,  1 805,  1 780,  1 780,  1 775,  1 759,  1 734,  1 682,  1 648,  1 611,  1 574,  1 579,  1 588,  1 622,  1 729,  1 848,  1 864,  1 821,  1 820,  1 868,  1 941,  2 042,  2 118,  2 157,  2 207,  2 234,  2 233,  2 241,  2 239,  2 221,  2 200,  2 164,  2 113,  2 059,  1 994,  1 934,  1 898,  1 888,  1 899,  1 851,  1 642,  1 499,  1 521,  1 514,  1 418,  1 309,  1 256,  1 222,  1 186,  1 156,  1 148,  1 144,  1 118,  1 108,  1 122,  1 132,  1 136,  1 136,  1 148,  1 147,  1 146,  1 152,  1 136,  1 122,  1 107,  1 068,  1 023,   993,   949,   898,   867,   843,   803,   766,   721,   676,   640,   599,   556,   505,   456,   411,   362,   318,   274,   241,   205,   166,   137,   110,   89,   71,   54,   41,   30,   22,   15,   29
1990,  2 004,  1 931,  1 877,  1 835,  1 818,  1 800,  1 777,  1 779,  1 777,  1 764,  1 742,  1 692,  1 660,  1 624,  1 588,  1 594,  1 604,  1 638,  1 746,  1 864,  1 879,  1 835,  1 833,  1 879,  1 952,  2 053,  2 128,  2 167,  2 216,  2 241,  2 239,  2 246,  2 244,  2 225,  2 203,  2 166,  2 114,  2 058,  1 993,  1 932,  1 896,  1 884,  1 896,  1 847,  1 639,  1 496,  1 517,  1 511,  1 415,  1 306,  1 252,  1 218,  1 182,  1 151,  1 142,  1 138,  1 111,  1 101,  1 113,  1 122,  1 125,  1 124,  1 135,  1 133,  1 131,  1 136,  1 119,  1 104,  1 088,  1 047,  1 002,   971,   926,   874,   842,   817,   776,   737,   692,   646,   609,   566,   523,   471,   422,   377,   329,   286,   243,   211,   177,   142,   115,   91,   73,   58,   43,   32,   23,   16,   30
1991,  2 012,  1 979,  1 920,  1 869,  1 830,  1 816,  1 801,  1 781,  1 787,  1 788,  1 778,  1 757,  1 710,  1 679,  1 644,  1 610,  1 617,  1 627,  1 662,  1 769,  1 885,  1 899,  1 854,  1 851,  1 896,  1 969,  2 068,  2 143,  2 179,  2 227,  2 252,  2 248,  2 255,  2 252,  2 231,  2 207,  2 168,  2 115,  2 058,  1 993,  1 931,  1 894,  1 882,  1 893,  1 844,  1 636,  1 493,  1 514,  1 507,  1 411,  1 302,  1 248,  1 213,  1 178,  1 146,  1 136,  1 131,  1 104,  1 092,  1 104,  1 112,  1 114,  1 112,  1 122,  1 118,  1 116,  1 119,  1 101,  1 084,  1 067,  1 026,   980,   948,   902,   849,   816,   789,   747,   708,   662,   615,   576,   532,   488,   436,   388,   343,   296,   255,   214,   184,   152,   120,   96,   75,   59,   46,   34,   25,   18,   32
1992,  1 983,  1 998,  1 975,  1 919,  1 871,  1 835,  1 824,  1 811,  1 794,  1 803,  1 805,  1 794,  1 775,  1 730,  1 700,  1 666,  1 633,  1 641,  1 652,  1 686,  1 792,  1 907,  1 920,  1 873,  1 869,  1 914,  1 985,  2 083,  2 156,  2 192,  2 239,  2 263,  2 258,  2 263,  2 259,  2 236,  2 211,  2 170,  2 116,  2 058,  1 992,  1 930,  1 892,  1 879,  1 889,  1 840,  1 632,  1 489,  1 509,  1 502,  1 407,  1 298,  1 243,  1 209,  1 172,  1 140,  1 130,  1 125,  1 096,  1 084,  1 095,  1 103,  1 103,  1 100,  1 108,  1 103,  1 100,  1 101,  1 082,  1 064,  1 046,  1 003,   956,   923,   876,   823,   789,   760,   718,   678,   631,   583,   541,   497,   453,   402,   354,   310,   265,   226,   187,   158,   128,   100,   79,   60,   47,   36,   26,   18,   33
1993,  1 947,  1 969,  1 994,  1 975,  1 921,  1 876,  1 843,  1 834,  1 824,  1 810,  1 820,  1 821,  1 812,  1 795,  1 751,  1 723,  1 690,  1 658,  1 666,  1 676,  1 709,  1 814,  1 928,  1 939,  1 892,  1 887,  1 931,  2 001,  2 097,  2 169,  2 204,  2 250,  2 272,  2 267,  2 270,  2 264,  2 240,  2 212,  2 171,  2 115,  2 057,  1 991,  1 927,  1 889,  1 875,  1 885,  1 836,  1 628,  1 484,  1 504,  1 497,  1 402,  1 292,  1 238,  1 203,  1 167,  1 134,  1 124,  1 117,  1 088,  1 075,  1 086,  1 092,  1 091,  1 087,  1 094,  1 088,  1 082,  1 082,  1 061,  1 043,  1 023,   979,   931,   897,   849,   795,   761,   730,   687,   646,   598,   548,   505,   461,   416,   366,   320,   277,   233,   196,   161,   133,   106,   81,   63,   47,   36,   27,   19,   35
1994,  1 913,  1 933,  1 966,  1 994,  1 977,  1 926,  1 883,  1 852,  1 846,  1 839,  1 826,  1 835,  1 838,  1 831,  1 815,  1 772,  1 745,  1 713,  1 682,  1 689,  1 698,  1 730,  1 833,  1 946,  1 957,  1 909,  1 903,  1 945,  2 013,  2 109,  2 180,  2 214,  2 259,  2 280,  2 273,  2 275,  2 267,  2 241,  2 213,  2 170,  2 114,  2 056,  1 988,  1 924,  1 885,  1 871,  1 881,  1 831,  1 623,  1 480,  1 500,  1 492,  1 396,  1 287,  1 232,  1 197,  1 161,  1 128,  1 117,  1 109,  1 080,  1 066,  1 075,  1 080,  1 078,  1 073,  1 078,  1 071,  1 063,  1 061,  1 040,  1 020,   998,   953,   904,   869,   821,   766,   730,   698,   654,   611,   561,   511,   468,   424,   379,   330,   285,   244,   203,   168,   135,   110,   86,   65,   49,   36,   27,   19,   36
1995,  1 884,  1 900,  1 930,  1 965,  1 996,  1 982,  1 933,  1 893,  1 864,  1 861,  1 855,  1 841,  1 852,  1 857,  1 851,  1 836,  1 794,  1 768,  1 736,  1 704,  1 711,  1 719,  1 749,  1 851,  1 964,  1 973,  1 924,  1 917,  1 958,  2 025,  2 120,  2 190,  2 223,  2 267,  2 287,  2 278,  2 278,  2 269,  2 242,  2 212,  2 169,  2 113,  2 053,  1 985,  1 920,  1 881,  1 867,  1 876,  1 826,  1 618,  1 475,  1 495,  1 486,  1 390,  1 281,  1 226,  1 191,  1 154,  1 121,  1 108,  1 100,  1 070,  1 056,  1 064,  1 067,  1 064,  1 057,  1 062,  1 052,  1 043,  1 039,  1 017,   995,   973,   926,   876,   841,   791,   736,   699,   665,   618,   574,   524,   473,   430,   386,   342,   294,   250,   211,   173,   141,   112,   89,   68,   50,   37,   27,   19,   36
1996,  1 865,  1 871,  1 897,  1 930,  1 967,  2 000,  1 988,  1 942,  1 904,  1 879,  1 877,  1 869,  1 857,  1 870,  1 876,  1 871,  1 857,  1 816,  1 790,  1 759,  1 725,  1 731,  1 738,  1 767,  1 869,  1 980,  1 989,  1 938,  1 929,  1 969,  2 036,  2 129,  2 198,  2 230,  2 273,  2 291,  2 281,  2 279,  2 269,  2 241,  2 211,  2 167,  2 110,  2 050,  1 981,  1 916,  1 877,  1 863,  1 871,  1 821,  1 613,  1 470,  1 488,  1 480,  1 384,  1 275,  1 220,  1 185,  1 147,  1 113,  1 100,  1 091,  1 060,  1 044,  1 051,  1 053,  1 049,  1 041,  1 044,  1 033,  1 022,  1 017,   992,   970,   945,   898,   847,   810,   760,   704,   665,   629,   581,   536,   486,   435,   391,   347,   304,   258,   217,   180,   145,   117,   91,   71,   53,   38,   28,   19,   37
1997,  1 856,  1 852,  1 868,  1 896,  1 932,  1 972,  2 007,  1 997,  1 953,  1 919,  1 894,  1 891,  1 886,  1 875,  1 889,  1 896,  1 892,  1 879,  1 838,  1 812,  1 779,  1 745,  1 749,  1 755,  1 784,  1 884,  1 995,  2 002,  1 950,  1 941,  1 980,  2 045,  2 138,  2 206,  2 237,  2 277,  2 294,  2 282,  2 280,  2 268,  2 240,  2 209,  2 164,  2 106,  2 046,  1 977,  1 912,  1 873,  1 858,  1 865,  1 815,  1 608,  1 464,  1 483,  1 474,  1 377,  1 269,  1 213,  1 177,  1 139,  1 104,  1 091,  1 081,  1 048,  1 032,  1 037,  1 039,  1 033,  1 024,  1 025,  1 012,  1 000,   992,   967,   943,   917,   869,   817,   778,   727,   670,   629,   591,   542,   496,   446,   396,   352,   309,   267,   224,   185,   151,   120,   94,   72,   55,   40,   28,   20,   37
1998,  1 863,  1 843,  1 849,  1 867,  1 898,  1 936,  1 978,  2 016,  2 009,  1 968,  1 935,  1 909,  1 908,  1 904,  1 895,  1 909,  1 918,  1 915,  1 902,  1 861,  1 834,  1 800,  1 764,  1 767,  1 773,  1 801,  1 900,  2 009,  2 015,  1 962,  1 952,  1 990,  2 055,  2 146,  2 213,  2 241,  2 281,  2 296,  2 283,  2 279,  2 267,  2 238,  2 206,  2 161,  2 102,  2 042,  1 973,  1 908,  1 868,  1 852,  1 860,  1 809,  1 602,  1 459,  1 476,  1 467,  1 371,  1 262,  1 206,  1 169,  1 131,  1 096,  1 081,  1 069,  1 036,  1 018,  1 023,  1 023,  1 017,  1 006,  1 005,   991,   976,   967,   940,   915,   888,   838,   784,   745,   692,   634,   591,   552,   503,   456,   406,   356,   313,   272,   231,   191,   155,   124,   96,   74,   56,   41,   30,   20,   37
1999,  1 878,  1 849,  1 840,  1 849,  1 870,  1 903,  1 943,  1 988,  2 028,  2 024,  1 984,  1 949,  1 926,  1 926,  1 924,  1 916,  1 932,  1 941,  1 938,  1 925,  1 883,  1 854,  1 819,  1 783,  1 785,  1 790,  1 816,  1 914,  2 022,  2 027,  1 974,  1 962,  1 999,  2 063,  2 153,  2 218,  2 245,  2 282,  2 296,  2 282,  2 278,  2 265,  2 235,  2 203,  2 157,  2 098,  2 037,  1 968,  1 903,  1 862,  1 847,  1 854,  1 803,  1 596,  1 452,  1 469,  1 460,  1 363,  1 254,  1 197,  1 161,  1 122,  1 085,  1 069,  1 057,  1 023,  1 004,  1 007,  1 006,   998,   986,   984,   967,   951,   940,   912,   885,   856,   804,   750,   709,   655,   595,   552,   511,   461,   414,   365,   316,   274,   235,   196,   159,   127,   99,   76,   57,   42,   30,   21,   37
2000,  1 904,  1 865,  1 846,  1 840,  1 851,  1 874,  1 910,  1 953,  2 000,  2 043,  2 041,  1 999,  1 967,  1 945,  1 946,  1 945,  1 938,  1 955,  1 964,  1 961,  1 947,  1 903,  1 874,  1 838,  1 801,  1 802,  1 805,  1 831,  1 928,  2 034,  2 039,  1 984,  1 972,  2 008,  2 070,  2 158,  2 221,  2 246,  2 283,  2 295,  2 281,  2 276,  2 262,  2 231,  2 198,  2 152,  2 093,  2 032,  1 963,  1 897,  1 856,  1 841,  1 847,  1 796,  1 589,  1 446,  1 463,  1 452,  1 355,  1 246,  1 189,  1 151,  1 111,  1 074,  1 057,  1 043,  1 008,   989,   991,   988,   979,   965,   961,   943,   925,   911,   882,   854,   822,   769,   714,   670,   615,   555,   510,   468,   418,   372,   323,   276,   236,   198,   163,   129,   101,   78,   58,   43,   30,   21,   38
2001,  1 920,  1 897,  1 866,  1 849,  1 845,  1 857,  1 882,  1 920,  1 965,  2 014,  2 059,  2 056,  2 015,  1 984,  1 963,  1 966,  1 965,  1 959,  1 976,  1 985,  1 981,  1 966,  1 922,  1 891,  1 855,  1 817,  1 818,  1 820,  1 844,  1 940,  2 046,  2 049,  1 994,  1 981,  2 016,  2 077,  2 163,  2 225,  2 249,  2 285,  2 297,  2 281,  2 276,  2 261,  2 230,  2 197,  2 150,  2 091,  2 030,  1 960,  1 894,  1 853,  1 837,  1 843,  1 791,  1 584,  1 441,  1 457,  1 445,  1 348,  1 238,  1 181,  1 143,  1 102,  1 064,  1 045,  1 030,   994,   974,   974,   970,   959,   944,   938,   918,   898,   882,   851,   821,   787,   732,   675,   630,   574,   514,   468,   425,   376,   329,   282,   237,   200,   165,   132,   103,   79,   59,   43,   31,   21,   38
2002,  1 912,  1 919,  1 902,  1 872,  1 856,  1 852,  1 866,  1 892,  1 931,  1 977,  2 028,  2 074,  2 070,  2 031,  2 000,  1 980,  1 983,  1 983,  1 977,  1 994,  2 002,  1 998,  1 982,  1 938,  1 907,  1 870,  1 832,  1 832,  1 833,  1 857,  1 952,  2 057,  2 060,  2 004,  1 990,  2 024,  2 084,  2 169,  2 230,  2 254,  2 288,  2 299,  2 284,  2 278,  2 263,  2 231,  2 197,  2 151,  2 092,  2 030,  1 960,  1 894,  1 853,  1 835,  1 840,  1 788,  1 581,  1 437,  1 452,  1 439,  1 341,  1 232,  1 174,  1 134,  1 092,  1 053,  1 034,  1 018,   981,   959,   958,   952,   940,   923,   914,   893,   871,   853,   820,   787,   751,   694,   636,   589,   532,   472,   425,   382,   333,   288,   243,   201,   166,   134,   106,   81,   61,   45,   32,   22,   38
2003,  1 924,  1 911,  1 924,  1 909,  1 879,  1 864,  1 861,  1 875,  1 903,  1 944,  1 991,  2 043,  2 088,  2 086,  2 047,  2 017,  1 997,  2 000,  2 001,  1 995,  2 011,  2 019,  2 014,  1 998,  1 954,  1 923,  1 885,  1 846,  1 845,  1 846,  1 869,  1 963,  2 067,  2 069,  2 013,  1 998,  2 031,  2 090,  2 175,  2 235,  2 258,  2 291,  2 302,  2 286,  2 279,  2 264,  2 232,  2 198,  2 152,  2 092,  2 030,  1 959,  1 893,  1 851,  1 833,  1 837,  1 783,  1 577,  1 433,  1 446,  1 432,  1 334,  1 224,  1 166,  1 125,  1 082,  1 042,  1 022,  1 004,   966,   943,   940,   933,   919,   900,   889,   866,   842,   821,   787,   752,   712,   654,   594,   546,   489,   429,   383,   339,   291,   248,   206,   167,   135,   107,   82,   62,   45,   32,   22,   39
2004,  1 945,  1 923,  1 917,  1 931,  1 915,  1 887,  1 872,  1 870,  1 886,  1 916,  1 958,  2 006,  2 058,  2 104,  2 101,  2 063,  2 034,  2 014,  2 018,  2 018,  2 012,  2 028,  2 035,  2 030,  2 014,  1 969,  1 937,  1 899,  1 859,  1 857,  1 857,  1 879,  1 973,  2 077,  2 078,  2 021,  2 005,  2 037,  2 095,  2 179,  2 238,  2 260,  2 294,  2 304,  2 287,  2 280,  2 264,  2 232,  2 199,  2 152,  2 092,  2 029,  1 958,  1 891,  1 849,  1 830,  1 832,  1 778,  1 571,  1 427,  1 439,  1 424,  1 326,  1 216,  1 156,  1 115,  1 071,  1 030,  1 009,   990,   951,   926,   922,   913,   897,   877,   863,   838,   812,   789,   752,   714,   672,   613,   552,   503,   446,   387,   341,   298,   252,   211,   172,   136,   108,   84,   64,   46,   33,   23,   39
2005,  1 962,  1 945,  1 928,  1 923,  1 938,  1 923,  1 895,  1 882,  1 882,  1 899,  1 930,  1 973,  2 021,  2 073,  2 120,  2 118,  2 081,  2 051,  2 032,  2 036,  2 036,  2 029,  2 044,  2 051,  2 046,  2 029,  1 984,  1 952,  1 913,  1 872,  1 869,  1 868,  1 890,  1 983,  2 086,  2 086,  2 028,  2 011,  2 043,  2 100,  2 183,  2 242,  2 263,  2 296,  2 305,  2 288,  2 281,  2 265,  2 233,  2 199,  2 151,  2 090,  2 027,  1 956,  1 889,  1 846,  1 825,  1 827,  1 772,  1 565,  1 421,  1 432,  1 415,  1 316,  1 206,  1 146,  1 103,  1 059,  1 017,   995,   975,   935,   909,   902,   891,   874,   852,   836,   809,   781,   755,   715,   675,   631,   570,   509,   459,   403,   345,   299,   258,   214,   176,   141,   110,   85,   65,   48,   34,   24,   41
2006,  2 002,  1 962,  1 950,  1 935,  1 930,  1 945,  1 932,  1 905,  1 894,  1 895,  1 914,  1 945,  1 988,  2 037,  2 089,  2 137,  2 136,  2 099,  2 070,  2 050,  2 054,  2 053,  2 045,  2 060,  2 067,  2 062,  2 045,  1 998,  1 965,  1 925,  1 883,  1 880,  1 879,  1 900,  1 992,  2 094,  2 094,  2 034,  2 017,  2 048,  2 104,  2 187,  2 245,  2 265,  2 297,  2 307,  2 289,  2 282,  2 265,  2 232,  2 198,  2 149,  2 089,  2 025,  1 954,  1 886,  1 842,  1 821,  1 821,  1 765,  1 558,  1 414,  1 423,  1 405,  1 306,  1 196,  1 135,  1 091,  1 046,  1 004,   980,   958,   917,   890,   882,   869,   850,   826,   807,   778,   747,   718,   676,   634,   588,   527,   465,   416,   360,   304,   259,   219,   179,   145,   113,   87,   66,   49,   35,   24,   42
2007,  2 046,  2 001,  1 967,  1 957,  1 942,  1 938,  1 954,  1 942,  1 917,  1 906,  1 909,  1 929,  1 960,  2 004,  2 053,  2 107,  2 154,  2 154,  2 117,  2 088,  2 068,  2 071,  2 069,  2 062,  2 076,  2 083,  2 077,  2 059,  2 011,  1 977,  1 937,  1 895,  1 891,  1 889,  1 910,  2 000,  2 101,  2 100,  2 040,  2 022,  2 052,  2 108,  2 190,  2 247,  2 267,  2 298,  2 307,  2 290,  2 282,  2 265,  2 231,  2 196,  2 148,  2 086,  2 022,  1 950,  1 881,  1 837,  1 815,  1 814,  1 757,  1 551,  1 406,  1 414,  1 395,  1 295,  1 184,  1 123,  1 078,  1 032,   989,   964,   941,   899,   870,   860,   845,   824,   798,   778,   746,   712,   680,   636,   592,   545,   483,   422,   372,   318,   264,   222,   184,   148,   117,   90,   67,   50,   36,   25,   43
2008,  2 048,  2 045,  2 007,  1 974,  1 964,  1 950,  1 947,  1 964,  1 953,  1 930,  1 921,  1 925,  1 944,  1 976,  2 020,  2 071,  2 125,  2 173,  2 173,  2 136,  2 106,  2 086,  2 088,  2 086,  2 078,  2 093,  2 099,  2 091,  2 072,  2 024,  1 990,  1 949,  1 906,  1 902,  1 899,  1 918,  2 008,  2 108,  2 106,  2 046,  2 027,  2 056,  2 111,  2 193,  2 249,  2 269,  2 300,  2 308,  2 290,  2 282,  2 264,  2 230,  2 194,  2 145,  2 084,  2 019,  1 946,  1 877,  1 831,  1 808,  1 806,  1 748,  1 542,  1 397,  1 403,  1 383,  1 282,  1 172,  1 110,  1 064,  1 017,   973,   947,   922,   879,   849,   837,   820,   797,   769,   746,   711,   675,   640,   594,   548,   500,   439,   378,   329,   277,   226,   186,   152,   120,   93,   70,   51,   37,   26,   45
2009,  2 013,  2 047,  2 051,  2 014,  1 981,  1 972,  1 959,  1 957,  1 976,  1 967,  1 945,  1 937,  1 940,  1 961,  1 993,  2 038,  2 089,  2 143,  2 192,  2 192,  2 154,  2 124,  2 103,  2 105,  2 103,  2 094,  2 108,  2 113,  2 105,  2 085,  2 037,  2 001,  1 960,  1 916,  1 911,  1 908,  1 926,  2 015,  2 114,  2 111,  2 050,  2 031,  2 060,  2 114,  2 195,  2 250,  2 270,  2 301,  2 309,  2 290,  2 281,  2 262,  2 228,  2 191,  2 142,  2 080,  2 014,  1 941,  1 871,  1 825,  1 800,  1 797,  1 738,  1 532,  1 387,  1 391,  1 369,  1 269,  1 158,  1 095,  1 049,  1 001,   956,   928,   902,   858,   826,   812,   793,   769,   738,   712,   675,   636,   599,   552,   504,   455,   394,   335,   288,   239,   191,   154,   124,   95,   72,   53,   38,   27,   47
2010,  1 964,  2 013,  2 053,  2 058,  2 021,  1 990,  1 982,  1 970,  1 970,  1 990,  1 983,  1 962,  1 954,  1 957,  1 979,  2 012,  2 057,  2 109,  2 164,  2 212,  2 211,  2 173,  2 142,  2 121,  2 122,  2 120,  2 111,  2 124,  2 128,  2 119,  2 098,  2 049,  2 013,  1 971,  1 927,  1 921,  1 916,  1 933,  2 021,  2 120,  2 117,  2 055,  2 035,  2 063,  2 117,  2 197,  2 252,  2 271,  2 301,  2 309,  2 290,  2 280,  2 261,  2 225,  2 188,  2 138,  2 075,  2 009,  1 935,  1 865,  1 817,  1 792,  1 787,  1 727,  1 522,  1 376,  1 379,  1 355,  1 255,  1 144,  1 080,  1 033,   984,   938,   909,   881,   836,   803,   787,   766,   739,   706,   676,   637,   596,   556,   508,   459,   410,   350,   293,   248,   202,   159,   126,   99,   75,   56,   40,   28,   49
2011,  1 928,  1 968,  2 022,  2 064,  2 069,  2 033,  2 002,  1 994,  1 984,  1 985,  2 007,  2 000,  1 978,  1 971,  1 975,  1 997,  2 031,  2 077,  2 129,  2 183,  2 231,  2 230,  2 192,  2 161,  2 140,  2 141,  2 138,  2 128,  2 140,  2 143,  2 133,  2 112,  2 062,  2 026,  1 982,  1 937,  1 930,  1 924,  1 941,  2 028,  2 126,  2 122,  2 059,  2 039,  2 066,  2 120,  2 199,  2 253,  2 272,  2 301,  2 308,  2 288,  2 277,  2 258,  2 221,  2 184,  2 133,  2 069,  2 002,  1 927,  1 856,  1 808,  1 781,  1 775,  1 714,  1 508,  1 363,  1 364,  1 339,  1 238,  1 127,  1 063,  1 015,   964,   917,   887,   858,   811,   777,   759,   736,   706,   671,   639,   597,   554,   512,   462,   412,   362,   304,   250,   207,   166,   128,   99,   76,   56,   41,   28,   50
2012,  1 920,  1 936,  1 980,  2 036,  2 077,  2 082,  2 046,  2 015,  2 008,  1 999,  2 001,  2 023,  2 016,  1 995,  1 988,  1 993,  2 015,  2 049,  2 095,  2 147,  2 202,  2 250,  2 249,  2 210,  2 179,  2 158,  2 159,  2 155,  2 145,  2 156,  2 158,  2 147,  2 125,  2 075,  2 037,  1 993,  1 947,  1 939,  1 932,  1 948,  2 035,  2 131,  2 126,  2 063,  2 041,  2 068,  2 121,  2 199,  2 253,  2 271,  2 299,  2 305,  2 285,  2 273,  2 252,  2 215,  2 176,  2 125,  2 060,  1 992,  1 916,  1 845,  1 796,  1 768,  1 760,  1 698,  1 493,  1 347,  1 346,  1 320,  1 218,  1 108,  1 043,   993,   942,   894,   862,   832,   785,   750,   729,   703,   671,   634,   599,   556,   510,   465,   413,   362,   312,   257,   206,   167,   131,   98,   74,   55,   40,   28,   51
2013,  1 918,  1 928,  1 949,  1 994,  2 049,  2 091,  2 095,  2 059,  2 029,  2 023,  2 014,  2 017,  2 039,  2 032,  2 012,  2 005,  2 010,  2 033,  2 067,  2 113,  2 165,  2 220,  2 268,  2 267,  2 229,  2 198,  2 176,  2 176,  2 172,  2 161,  2 171,  2 173,  2 161,  2 138,  2 086,  2 048,  2 003,  1 956,  1 947,  1 940,  1 955,  2 040,  2 136,  2 130,  2 066,  2 044,  2 070,  2 122,  2 199,  2 252,  2 269,  2 297,  2 302,  2 280,  2 267,  2 246,  2 207,  2 168,  2 115,  2 049,  1 981,  1 904,  1 832,  1 782,  1 753,  1 743,  1 680,  1 476,  1 330,  1 327,  1 299,  1 198,  1 087,  1 021,   970,   918,   869,   837,   805,   758,   721,   698,   669,   634,   595,   558,   512,   464,   416,   363,   313,   264,   212,   166,   132,   101,   74,   54,   39,   27,   51
2014,  1 927,  1 926,  1 941,  1 962,  2 007,  2 063,  2 104,  2 109,  2 074,  2 045,  2 039,  2 031,  2 033,  2 056,  2 050,  2 029,  2 023,  2 028,  2 051,  2 086,  2 132,  2 184,  2 239,  2 287,  2 286,  2 247,  2 216,  2 194,  2 193,  2 188,  2 176,  2 186,  2 186,  2 174,  2 150,  2 097,  2 058,  2 012,  1 964,  1 954,  1 946,  1 960,  2 045,  2 139,  2 133,  2 068,  2 046,  2 071,  2 122,  2 199,  2 250,  2 266,  2 293,  2 297,  2 275,  2 261,  2 238,  2 198,  2 158,  2 104,  2 038,  1 968,  1 891,  1 818,  1 767,  1 736,  1 725,  1 661,  1 458,  1 312,  1 307,  1 277,  1 175,  1 064,   998,   946,   893,   844,   810,   778,   730,   691,   665,   633,   595,   554,   514,   466,   416,   367,   314,   265,   218,   172,   131,   102,   76,   54,   38,   27,   51
2015,  1 940,  1 935,  1 939,  1 955,  1 976,  2 021,  2 077,  2 118,  2 124,  2 089,  2 061,  2 056,  2 048,  2 050,  2 073,  2 067,  2 048,  2 041,  2 047,  2 070,  2 105,  2 151,  2 203,  2 258,  2 306,  2 305,  2 266,  2 234,  2 211,  2 210,  2 204,  2 191,  2 199,  2 199,  2 186,  2 161,  2 107,  2 067,  2 020,  1 971,  1 961,  1 952,  1 965,  2 049,  2 142,  2 135,  2 070,  2 047,  2 071,  2 122,  2 197,  2 248,  2 263,  2 288,  2 291,  2 268,  2 253,  2 228,  2 188,  2 146,  2 092,  2 025,  1 954,  1 877,  1 803,  1 751,  1 719,  1 706,  1 641,  1 438,  1 292,  1 285,  1 253,  1 151,  1 040,   973,   921,   867,   817,   782,   748,   700,   659,   630,   595,   555,   511,   468,   418,   366,   317,   266,   219,   177,   136,   101,   77,   55,   38,   26,   50
2016,  1 933,  1 949,  1 949,  1 954,  1 970,  1 991,  2 036,  2 091,  2 134,  2 140,  2 107,  2 079,  2 074,  2 066,  2 069,  2 092,  2 087,  2 067,  2 061,  2 067,  2 090,  2 125,  2 172,  2 224,  2 279,  2 326,  2 325,  2 285,  2 252,  2 228,  2 226,  2 219,  2 205,  2 213,  2 212,  2 197,  2 171,  2 116,  2 075,  2 028,  1 979,  1 967,  1 957,  1 969,  2 052,  2 145,  2 137,  2 071,  2 048,  2 071,  2 121,  2 195,  2 245,  2 259,  2 283,  2 285,  2 260,  2 244,  2 218,  2 176,  2 134,  2 079,  2 011,  1 939,  1 861,  1 786,  1 733,  1 700,  1 685,  1 618,  1 416,  1 270,  1 261,  1 228,  1 125,  1 014,   947,   894,   840,   790,   753,   718,   668,   625,   593,   554,   511,   465,   420,   368,   317,   268,   220,   177,   140,   105,   76,   56,   39,   26,   49
2017,  1 907,  1 942,  1 963,  1 965,  1 969,  1 985,  2 006,  2 051,  2 108,  2 151,  2 158,  2 125,  2 097,  2 093,  2 085,  2 089,  2 112,  2 107,  2 088,  2 082,  2 088,  2 111,  2 146,  2 193,  2 245,  2 300,  2 347,  2 344,  2 304,  2 270,  2 246,  2 242,  2 235,  2 220,  2 226,  2 224,  2 208,  2 181,  2 125,  2 083,  2 035,  1 985,  1 973,  1 962,  1 973,  2 055,  2 147,  2 138,  2 072,  2 048,  2 071,  2 119,  2 193,  2 241,  2 254,  2 276,  2 277,  2 251,  2 233,  2 206,  2 164,  2 120,  2 064,  1 995,  1 922,  1 843,  1 768,  1 714,  1 679,  1 662,  1 594,  1 393,  1 247,  1 235,  1 199,  1 096,   987,   920,   866,   812,   761,   723,   685,   634,   590,   554,   512,   466,   417,   370,   318,   268,   222,   178,   140,   108,   79,   55,   40,   27,   49
2018,  1 874,  1 916,  1 956,  1 978,  1 980,  1 984,  2 000,  2 021,  2 067,  2 124,  2 168,  2 176,  2 143,  2 115,  2 111,  2 104,  2 108,  2 132,  2 127,  2 108,  2 103,  2 109,  2 132,  2 167,  2 213,  2 265,  2 319,  2 366,  2 363,  2 321,  2 287,  2 261,  2 257,  2 248,  2 232,  2 238,  2 234,  2 217,  2 189,  2 133,  2 090,  2 041,  1 990,  1 977,  1 966,  1 976,  2 057,  2 148,  2 139,  2 073,  2 048,  2 070,  2 117,  2 189,  2 236,  2 247,  2 269,  2 268,  2 240,  2 221,  2 193,  2 150,  2 105,  2 048,  1 978,  1 904,  1 825,  1 749,  1 694,  1 656,  1 638,  1 568,  1 368,  1 222,  1 207,  1 170,  1 067,   959,   891,   837,   782,   730,   690,   651,   598,   552,   513,   466,   418,   367,   320,   269,   222,   179,   140,   108,   81,   57,   39,   27,   48
2019,  1 851,  1 883,  1 930,  1 971,  1 993,  1 994,  1 998,  2 014,  2 037,  2 083,  2 141,  2 186,  2 194,  2 161,  2 134,  2 130,  2 123,  2 127,  2 151,  2 147,  2 128,  2 123,  2 129,  2 152,  2 187,  2 233,  2 284,  2 338,  2 384,  2 379,  2 337,  2 302,  2 275,  2 270,  2 260,  2 243,  2 248,  2 243,  2 225,  2 197,  2 140,  2 096,  2 046,  1 995,  1 981,  1 968,  1 979,  2 059,  2 149,  2 139,  2 072,  2 047,  2 068,  2 114,  2 185,  2 230,  2 240,  2 260,  2 257,  2 229,  2 208,  2 179,  2 134,  2 088,  2 031,  1 960,  1 885,  1 805,  1 728,  1 671,  1 632,  1 611,  1 541,  1 341,  1 195,  1 178,  1 139,  1 037,   930,   862,   807,   751,   697,   655,   614,   560,   512,   468,   419,   368,   318,   271,   223,   180,   142,   109,   81,   59,   41,   27,   48
2020,  1 806,  1 855,  1 891,  1 938,  1 980,  2 001,  2 003,  2 007,  2 023,  2 046,  2 093,  2 151,  2 196,  2 204,  2 172,  2 145,  2 141,  2 134,  2 139,  2 163,  2 158,  2 140,  2 134,  2 140,  2 163,  2 198,  2 244,  2 294,  2 348,  2 393,  2 388,  2 345,  2 309,  2 282,  2 276,  2 266,  2 248,  2 252,  2 246,  2 228,  2 199,  2 141,  2 097,  2 047,  1 995,  1 981,  1 968,  1 977,  2 057,  2 146,  2 136,  2 069,  2 042,  2 062,  2 107,  2 177,  2 221,  2 229,  2 247,  2 244,  2 214,  2 192,  2 161,  2 115,  2 069,  2 010,  1 938,  1 863,  1 782,  1 704,  1 646,  1 605,  1 581,  1 509,  1 310,  1 165,  1 145,  1 104,  1 003,   896,   828,   771,   714,   659,   615,   571,   516,   465,   419,   369,   318,   270,   225,   181,   143,   110,   82,   59,   42,   28,   48
2021,  1 782,  1 807,  1 859,  1 895,  1 942,  1 984,  2 005,  2 007,  2 011,  2 028,  2 051,  2 098,  2 156,  2 201,  2 209,  2 176,  2 150,  2 146,  2 139,  2 143,  2 168,  2 163,  2 144,  2 139,  2 145,  2 168,  2 202,  2 247,  2 298,  2 351,  2 395,  2 390,  2 347,  2 311,  2 283,  2 277,  2 266,  2 248,  2 251,  2 245,  2 227,  2 197,  2 139,  2 095,  2 044,  1 992,  1 977,  1 964,  1 973,  2 051,  2 140,  2 129,  2 061,  2 034,  2 053,  2 097,  2 165,  2 208,  2 215,  2 232,  2 226,  2 195,  2 172,  2 140,  2 093,  2 045,  1 986,  1 913,  1 837,  1 755,  1 676,  1 617,  1 573,  1 547,  1 473,  1 276,  1 131,  1 108,  1 065,   963,   857,   788,   730,   671,   615,   569,   523,   467,   415,   368,   318,   270,   224,   183,   144,   110,   83,   60,   42,   29,   48
2022,  1 811,  1 786,  1 813,  1 865,  1 901,  1 948,  1 990,  2 012,  2 013,  2 018,  2 035,  2 058,  2 105,  2 164,  2 208,  2 216,  2 184,  2 157,  2 153,  2 146,  2 151,  2 175,  2 170,  2 151,  2 146,  2 151,  2 174,  2 208,  2 254,  2 304,  2 356,  2 401,  2 395,  2 352,  2 315,  2 287,  2 280,  2 269,  2 251,  2 254,  2 248,  2 229,  2 199,  2 140,  2 096,  2 044,  1 992,  1 977,  1 963,  1 971,  2 049,  2 137,  2 125,  2 057,  2 029,  2 047,  2 090,  2 156,  2 197,  2 203,  2 219,  2 212,  2 179,  2 155,  2 122,  2 074,  2 026,  1 965,  1 891,  1 814,  1 730,  1 650,  1 589,  1 544,  1 515,  1 439,  1 243,  1 099,  1 073,  1 028,   926,   820,   750,   690,   631,   573,   525,   477,   420,   368,   321,   273,   227,   185,   148,   113,   85,   62,   43,   30,   50
2023,  1 808,  1 816,  1 792,  1 820,  1 872,  1 909,  1 956,  1 998,  2 020,  2 021,  2 025,  2 043,  2 066,  2 113,  2 172,  2 217,  2 224,  2 192,  2 164,  2 161,  2 154,  2 158,  2 182,  2 177,  2 158,  2 153,  2 158,  2 181,  2 215,  2 261,  2 311,  2 364,  2 408,  2 402,  2 358,  2 321,  2 293,  2 286,  2 275,  2 256,  2 259,  2 253,  2 234,  2 203,  2 144,  2 099,  2 048,  1 995,  1 979,  1 965,  1 973,  2 051,  2 137,  2 125,  2 056,  2 027,  2 045,  2 086,  2 151,  2 192,  2 196,  2 210,  2 203,  2 169,  2 144,  2 110,  2 061,  2 011,  1 949,  1 875,  1 796,  1 710,  1 629,  1 566,  1 518,  1 487,  1 409,  1 214,  1 070,  1 042,   994,   891,   786,   714,   653,   593,   535,   484,   434,   377,   325,   279,   233,   190,   151,   118,   88,   64,   45,   31,   51