1950,  1 836,  1 770,  1 789,  1 778,  1 579,  1 413,  1 420,  1 420,  1 365,  1 268,  1 196,  1 164,  1 153,  1 136,  1 112,  1 095,  1 086,  1 083,  1 090,  1 100,  1 119,  1 137,  1 156,  1 181,  1 198,  1 212,  1 224,  1 232,  1 234,  1 223,  1 208,  1 192,  1 176,  1 160,  1 145,  1 136,  1 134,  1 131,  1 122,  1 103,  1 088,  1 067,  1 040,  1 010,   978,   949,   922,   910,   901,   878,   864,   848,   831,   804,   779,   764,   746,   727,   706,   678,   654,   631,   612,   591,   564,   539,   511,   481,   447,   408,   376,   348,   322,   297,   271,   248,   224,   200,   178,   155,   134,   117,   101,   85,   70,   58,   47,   37,   29,   22,   17,   13,   10,   7,   5,   4,   3,   2,   1,   1,   1
1951,  1 879,  1 797,  1 762,  1 785,  1 772,  1 572,  1 410,  1 419,  1 418,  1 357,  1 255,  1 183,  1 155,  1 148,  1 131,  1 108,  1 093,  1 084,  1 081,  1 090,  1 103,  1 124,  1 140,  1 159,  1 182,  1 197,  1 213,  1 224,  1 232,  1 234,  1 224,  1 208,  1 191,  1 174,  1 157,  1 141,  1 134,  1 131,  1 126,  1 116,  1 097,  1 082,  1 060,  1 034,  1 004,   973,   945,   917,   903,   891,   872,   859,   836,   817,   792,   769,   754,   735,   714,   692,   663,   639,   616,   595,   572,   545,   520,   490,   459,   426,   387,   355,   327,   301,   276,   251,   228,   205,   182,   160,   139,   120,   103,   88,   73,   59,   48,   39,   30,   23,   18,   13,   10,   7,   5,   4,   3,   2,   1,   1,   1
1952,  1 908,  1 837,  1 785,  1 758,  1 782,  1 767,  1 565,  1 407,  1 419,  1 417,  1 349,  1 242,  1 170,  1 147,  1 142,  1 125,  1 103,  1 090,  1 081,  1 079,  1 090,  1 106,  1 128,  1 143,  1 162,  1 184,  1 197,  1 214,  1 225,  1 231,  1 233,  1 224,  1 208,  1 190,  1 172,  1 153,  1 138,  1 132,  1 128,  1 120,  1 109,  1 091,  1 075,  1 052,  1 027,   997,   967,   941,   912,   894,   880,   866,   853,   823,   802,   778,   759,   743,   722,   701,   676,   646,   622,   600,   578,   552,   526,   500,   469,   438,   404,   367,   335,   306,   279,   255,   231,   209,   186,   164,   144,   124,   106,   90,   75,   62,   49,   40,   31,   24,   18,   14,   10,   7,   5,   4,   3,   2,   1,   1,   1
1953,  1 945,  1 868,  1 822,  1 778,  1 755,  1 779,  1 761,  1 558,  1 403,  1 419,  1 415,  1 341,  1 229,  1 158,  1 138,  1 136,  1 119,  1 098,  1 088,  1 078,  1 076,  1 089,  1 109,  1 132,  1 146,  1 166,  1 185,  1 196,  1 215,  1 225,  1 230,  1 233,  1 224,  1 207,  1 189,  1 170,  1 149,  1 134,  1 129,  1 125,  1 115,  1 101,  1 084,  1 067,  1 044,  1 019,   990,   961,   936,   906,   885,   868,   859,   846,   810,   787,   764,   747,   731,   709,   687,   660,   628,   606,   584,   559,   532,   506,   480,   448,   416,   383,   346,   314,   285,   258,   235,   212,   190,   168,   147,   128,   109,   92,   77,   64,   51,   41,   32,   25,   19,   14,   11,   8,   5,   4,   3,   2,   1,   1,   1
1954,  1 992,  1 909,  1 856,  1 813,  1 771,  1 752,  1 776,  1 756,  1 551,  1 400,  1 419,  1 413,  1 333,  1 216,  1 144,  1 130,  1 130,  1 113,  1 094,  1 085,  1 075,  1 074,  1 089,  1 111,  1 137,  1 149,  1 169,  1 187,  1 196,  1 215,  1 225,  1 229,  1 233,  1 224,  1 207,  1 188,  1 167,  1 146,  1 130,  1 127,  1 122,  1 109,  1 094,  1 077,  1 059,  1 035,  1 011,   982,   955,   931,   899,   875,   856,   852,   839,   795,   771,   749,   736,   720,   696,   672,   643,   610,   588,   566,   541,   511,   485,   460,   427,   393,   361,   324,   293,   263,   236,   215,   193,   171,   150,   131,   113,   95,   79,   66,   54,   42,   33,   26,   20,   15,   11,   8,   6,   4,   3,   2,   1,   1,   1
1955,  2 024,  1 960,  1 901,  1 849,  1 804,  1 765,  1 750,  1 774,  1 751,  1 545,  1 397,  1 419,  1 411,  1 325,  1 202,  1 131,  1 121,  1 124,  1 106,  1 089,  1 082,  1 072,  1 072,  1 088,  1 114,  1 141,  1 152,  1 172,  1 188,  1 195,  1 216,  1 226,  1 228,  1 232,  1 224,  1 206,  1 187,  1 165,  1 142,  1 126,  1 124,  1 119,  1 102,  1 086,  1 069,  1 051,  1 027,  1 003,   974,   948,   926,   892,   865,   844,   844,   831,   781,   754,   735,   724,   707,   682,   657,   626,   591,   570,   548,   521,   490,   465,   440,   405,   371,   339,   303,   272,   241,   215,   195,   174,   154,   133,   115,   98,   82,   68,   55,   44,   34,   26,   21,   16,   12,   8,   6,   4,   3,   2,   1,   1,   1
1956,  2 048,  1 993,  1 955,  1 896,  1 843,  1 795,  1 760,  1 748,  1 771,  1 747,  1 539,  1 395,  1 419,  1 409,  1 318,  1 189,  1 118,  1 112,  1 118,  1 100,  1 084,  1 079,  1 069,  1 069,  1 088,  1 116,  1 145,  1 154,  1 176,  1 190,  1 195,  1 217,  1 226,  1 227,  1 232,  1 224,  1 206,  1 185,  1 163,  1 138,  1 122,  1 121,  1 115,  1 096,  1 078,  1 061,  1 043,  1 017,   994,   965,   941,   919,   884,   854,   831,   836,   822,   766,   737,   719,   711,   694,   667,   641,   608,   572,   551,   530,   501,   468,   444,   419,   382,   347,   316,   281,   250,   220,   195,   175,   156,   136,   117,   100,   85,   70,   57,   46,   36,   27,   21,   16,   12,   9,   6,   4,   3,   2,   1,   1,   1
1957,  2 093,  2 015,  1 988,  1 954,  1 893,  1 837,  1 787,  1 754,  1 746,  1 769,  1 742,  1 532,  1 391,  1 419,  1 408,  1 310,  1 175,  1 105,  1 103,  1 112,  1 093,  1 078,  1 076,  1 065,  1 067,  1 088,  1 119,  1 150,  1 158,  1 179,  1 191,  1 194,  1 218,  1 226,  1 227,  1 231,  1 224,  1 205,  1 184,  1 160,  1 133,  1 117,  1 117,  1 111,  1 089,  1 070,  1 053,  1 033,  1 007,   985,   956,   933,   912,   876,   843,   817,   826,   814,   749,   719,   703,   697,   680,   651,   624,   589,   551,   531,   510,   481,   446,   422,   397,   359,   324,   293,   259,   229,   199,   174,   156,   137,   119,   101,   86,   72,   58,   47,   37,   28,   21,   16,   12,   9,   6,   4,   3,   2,   1,   1,   1
1958,  2 135,  2 059,  2 008,  1 988,  1 954,  1 890,  1 831,  1 778,  1 748,  1 743,  1 767,  1 737,  1 526,  1 388,  1 418,  1 406,  1 301,  1 161,  1 090,  1 093,  1 105,  1 086,  1 073,  1 072,  1 062,  1 064,  1 087,  1 122,  1 155,  1 161,  1 183,  1 193,  1 194,  1 219,  1 227,  1 226,  1 231,  1 224,  1 204,  1 182,  1 157,  1 129,  1 112,  1 113,  1 106,  1 081,  1 060,  1 044,  1 024,   997,   975,   945,   924,   904,   867,   830,   801,   816,   803,   732,   700,   685,   682,   665,   633,   606,   568,   530,   510,   490,   460,   423,   399,   375,   335,   299,   269,   237,   208,   177,   153,   136,   119,   102,   85,   72,   59,   48,   38,   29,   22,   16,   12,   9,   6,   5,   3,   2,   1,   1,   1
1959,  2 160,  2 104,  2 052,  2 004,  1 988,  1 954,  1 889,  1 828,  1 776,  1 750,  1 745,  1 768,  1 735,  1 524,  1 389,  1 418,  1 403,  1 294,  1 152,  1 083,  1 089,  1 101,  1 083,  1 072,  1 073,  1 062,  1 066,  1 090,  1 128,  1 159,  1 164,  1 186,  1 193,  1 194,  1 220,  1 226,  1 225,  1 230,  1 223,  1 202,  1 180,  1 153,  1 124,  1 107,  1 109,  1 100,  1 074,  1 052,  1 036,  1 014,   987,   965,   935,   914,   894,   855,   817,   787,   807,   787,   715,   681,   668,   665,   646,   614,   586,   546,   508,   489,   469,   437,   400,   378,   352,   312,   277,   248,   217,   188,   158,   135,   120,   104,   87,   72,   60,   49,   39,   31,   23,   17,   12,   9,   6,   5,   3,   2,   1,   1,   1
1960,  2 176,  2 129,  2 095,  2 048,  2 003,  1 989,  1 956,  1 892,  1 832,  1 780,  1 755,  1 750,  1 772,  1 738,  1 525,  1 389,  1 418,  1 402,  1 292,  1 150,  1 081,  1 089,  1 104,  1 087,  1 077,  1 078,  1 067,  1 071,  1 095,  1 132,  1 163,  1 166,  1 187,  1 194,  1 195,  1 220,  1 226,  1 224,  1 229,  1 221,  1 199,  1 177,  1 150,  1 120,  1 103,  1 104,  1 094,  1 067,  1 045,  1 028,  1 005,   978,   955,   924,   903,   882,   843,   804,   774,   791,   770,   698,   665,   650,   645,   624,   592,   564,   524,   487,   467,   446,   414,   378,   355,   329,   290,   256,   228,   197,   169,   141,   120,   105,   90,   75,   62,   51,   41,   33,   25,   19,   14,   10,   7,   5,   3,   2,   1,   1,   1
1961,  2 186,  2 140,  2 119,  2 091,  2 046,  2 004,  1 992,  1 960,  1 897,  1 838,  1 787,  1 761,  1 755,  1 776,  1 740,  1 526,  1 389,  1 417,  1 400,  1 290,  1 149,  1 082,  1 093,  1 109,  1 093,  1 083,  1 084,  1 074,  1 078,  1 101,  1 137,  1 165,  1 168,  1 189,  1 196,  1 196,  1 221,  1 226,  1 223,  1 227,  1 219,  1 197,  1 174,  1 146,  1 116,  1 098,  1 099,  1 088,  1 061,  1 038,  1 020,   996,   968,   944,   913,   891,   870,   830,   790,   759,   774,   751,   681,   647,   631,   624,   603,   570,   542,   503,   466,   445,   424,   392,   356,   332,   306,   268,   236,   208,   179,   151,   125,   106,   91,   78,   64,   52,   43,   35,   28,   21,   16,   12,   8,   5,   4,   2,   2,   1,   1
1962,  2 162,  2 145,  2 129,  2 114,  2 089,  2 048,  2 008,  1 997,  1 966,  1 904,  1 846,  1 795,  1 767,  1 760,  1 778,  1 741,  1 526,  1 388,  1 415,  1 398,  1 288,  1 150,  1 087,  1 099,  1 116,  1 100,  1 091,  1 092,  1 082,  1 085,  1 107,  1 140,  1 169,  1 171,  1 192,  1 198,  1 197,  1 221,  1 225,  1 222,  1 225,  1 217,  1 194,  1 170,  1 142,  1 112,  1 093,  1 093,  1 082,  1 054,  1 030,  1 011,   987,   958,   933,   902,   879,   857,   816,   776,   744,   756,   732,   663,   628,   611,   602,   581,   548,   519,   481,   445,   423,   401,   369,   334,   310,   283,   247,   216,   189,   160,   134,   110,   92,   79,   67,   55,   45,   36,   29,   23,   18,   13,   9,   6,   4,   3,   2,   1,   1
1963,  2 115,  2 119,  2 133,  2 123,  2 113,  2 091,  2 052,  2 013,  2 003,  1 974,  1 913,  1 854,  1 802,  1 772,  1 762,  1 779,  1 741,  1 525,  1 386,  1 413,  1 396,  1 289,  1 155,  1 094,  1 106,  1 124,  1 109,  1 099,  1 101,  1 090,  1 092,  1 111,  1 144,  1 172,  1 174,  1 194,  1 199,  1 198,  1 221,  1 224,  1 221,  1 223,  1 214,  1 191,  1 166,  1 138,  1 106,  1 087,  1 087,  1 074,  1 046,  1 021,  1 001,   976,   947,   922,   889,   865,   842,   801,   760,   727,   736,   711,   643,   609,   590,   580,   557,   525,   497,   459,   424,   400,   376,   345,   311,   286,   260,   225,   195,   169,   142,   118,   96,   79,   68,   57,   46,   37,   30,   25,   19,   14,   10,   7,   5,   3,   2,   1,   2
1964,  2 079,  2 073,  2 107,  2 128,  2 122,  2 115,  2 096,  2 058,  2 020,  2 011,  1 982,  1 921,  1 861,  1 806,  1 775,  1 763,  1 779,  1 739,  1 523,  1 384,  1 411,  1 397,  1 294,  1 162,  1 101,  1 114,  1 132,  1 117,  1 108,  1 109,  1 096,  1 096,  1 115,  1 147,  1 175,  1 176,  1 195,  1 200,  1 198,  1 220,  1 223,  1 218,  1 220,  1 210,  1 186,  1 162,  1 132,  1 101,  1 081,  1 079,  1 066,  1 037,  1 012,   990,   964,   935,   909,   876,   851,   827,   784,   743,   708,   715,   689,   623,   588,   568,   557,   534,   502,   473,   437,   401,   376,   352,   321,   288,   263,   237,   203,   174,   150,   124,   102,   83,   68,   57,   48,   39,   31,   25,   20,   16,   11,   8,   5,   3,   2,   1,   2
1965,  2 007,  2 038,  2 061,  2 102,  2 127,  2 124,  2 119,  2 101,  2 064,  2 028,  2 020,  1 990,  1 927,  1 866,  1 809,  1 776,  1 763,  1 778,  1 737,  1 520,  1 382,  1 412,  1 401,  1 300,  1 169,  1 109,  1 123,  1 140,  1 126,  1 116,  1 115,  1 100,  1 100,  1 118,  1 150,  1 177,  1 177,  1 196,  1 199,  1 197,  1 218,  1 220,  1 216,  1 217,  1 206,  1 181,  1 156,  1 126,  1 094,  1 074,  1 071,  1 057,  1 027,  1 001,   979,   952,   922,   895,   861,   835,   809,   766,   724,   689,   693,   667,   602,   567,   546,   533,   510,   478,   450,   413,   378,   352,   327,   296,   265,   240,   214,   182,   155,   132,   108,   88,   71,   58,   49,   40,   33,   26,   21,   16,   12,   9,   6,   4,   2,   1,   2
1966,  1 914,  1 966,  2 026,  2 056,  2 101,  2 129,  2 129,  2 124,  2 107,  2 072,  2 036,  2 028,  1 997,  1 932,  1 868,  1 810,  1 775,  1 761,  1 775,  1 734,  1 518,  1 383,  1 416,  1 407,  1 307,  1 177,  1 117,  1 131,  1 149,  1 134,  1 122,  1 119,  1 104,  1 103,  1 121,  1 152,  1 178,  1 178,  1 196,  1 198,  1 195,  1 216,  1 218,  1 212,  1 212,  1 201,  1 176,  1 150,  1 120,  1 087,  1 065,  1 061,  1 047,  1 016,   989,   966,   939,   908,   880,   845,   818,   790,   746,   704,   668,   670,   644,   581,   545,   523,   509,   486,   454,   425,   389,   354,   327,   301,   272,   242,   217,   191,   162,   136,   115,   93,   76,   61,   49,   41,   34,   27,   22,   17,   13,   9,   6,   4,   3,   1,   2
1967,  1 853,  1 875,  1 955,  2 021,  2 055,  2 103,  2 133,  2 133,  2 130,  2 115,  2 080,  2 044,  2 034,  2 002,  1 935,  1 869,  1 809,  1 774,  1 759,  1 771,  1 731,  1 518,  1 387,  1 421,  1 414,  1 314,  1 185,  1 126,  1 139,  1 157,  1 140,  1 126,  1 123,  1 107,  1 105,  1 123,  1 154,  1 179,  1 178,  1 194,  1 197,  1 193,  1 213,  1 214,  1 208,  1 207,  1 195,  1 169,  1 143,  1 112,  1 079,  1 056,  1 051,  1 035,  1 004,   976,   952,   924,   892,   863,   828,   799,   770,   725,   682,   647,   647,   620,   558,   523,   500,   485,   461,   429,   400,   364,   329,   302,   276,   248,   219,   195,   170,   142,   119,   99,   80,   64,   51,   42,   35,   28,   22,   17,   13,   10,   7,   4,   3,   2,   2
1968,  1 826,  1 816,  1 865,  1 950,  2 020,  2 057,  2 107,  2 137,  2 139,  2 137,  2 123,  2 087,  2 050,  2 039,  2 004,  1 935,  1 869,  1 808,  1 771,  1 755,  1 768,  1 730,  1 521,  1 392,  1 427,  1 420,  1 321,  1 192,  1 133,  1 146,  1 162,  1 143,  1 129,  1 125,  1 109,  1 107,  1 124,  1 154,  1 178,  1 176,  1 193,  1 194,  1 190,  1 209,  1 209,  1 202,  1 201,  1 188,  1 162,  1 135,  1 103,  1 069,  1 046,  1 040,  1 023,   991,   962,   937,   908,   875,   845,   808,   779,   748,   703,   660,   624,   622,   595,   535,   500,   476,   460,   435,   403,   374,   339,   305,   277,   251,   224,   196,   173,   150,   124,   102,   85,   68,   54,   43,   35,   29,   23,   18,   13,   10,   7,   5,   3,   2,   2
1969,  1 854,  1 791,  1 805,  1 860,  1 949,  2 022,  2 060,  2 111,  2 143,  2 146,  2 145,  2 130,  2 093,  2 054,  2 041,  2 004,  1 934,  1 867,  1 804,  1 767,  1 752,  1 768,  1 733,  1 526,  1 397,  1 433,  1 427,  1 328,  1 199,  1 140,  1 151,  1 165,  1 146,  1 131,  1 127,  1 111,  1 108,  1 124,  1 153,  1 176,  1 174,  1 190,  1 191,  1 186,  1 204,  1 204,  1 196,  1 194,  1 180,  1 153,  1 126,  1 094,  1 059,  1 035,  1 027,  1 009,   976,   947,   921,   890,   857,   825,   788,   757,   726,   680,   638,   601,   597,   569,   512,   476,   451,   433,   408,   376,   347,   313,   280,   252,   226,   200,   174,   152,   130,   107,   87,   72,   57,   46,   36,   29,   23,   18,   14,   10,   7,   5,   3,   2,   3
1970,  1 923,  1 815,  1 780,  1 801,  1 859,  1 951,  2 026,  2 066,  2 118,  2 151,  2 155,  2 153,  2 136,  2 098,  2 057,  2 041,  2 004,  1 932,  1 863,  1 801,  1 764,  1 752,  1 770,  1 737,  1 532,  1 404,  1 441,  1 434,  1 336,  1 207,  1 146,  1 155,  1 168,  1 149,  1 134,  1 129,  1 112,  1 109,  1 124,  1 152,  1 175,  1 172,  1 187,  1 187,  1 181,  1 199,  1 198,  1 189,  1 187,  1 172,  1 145,  1 116,  1 084,  1 048,  1 023,  1 014,   995,   960,   930,   903,   872,   837,   805,   766,   734,   703,   657,   615,   578,   571,   544,   488,   453,   426,   407,   381,   350,   321,   288,   255,   228,   203,   178,   154,   133,   113,   92,   75,   61,   49,   38,   30,   24,   19,   14,   10,   7,   5,   3,   2,   3
1971,  1 917,  1 879,  1 798,  1 770,  1 796,  1 859,  1 954,  2 032,  2 074,  2 128,  2 162,  2 165,  2 162,  2 144,  2 105,  2 062,  2 045,  2 006,  1 934,  1 865,  1 803,  1 769,  1 759,  1 781,  1 749,  1 545,  1 418,  1 454,  1 448,  1 349,  1 218,  1 155,  1 162,  1 174,  1 154,  1 138,  1 132,  1 114,  1 110,  1 124,  1 151,  1 173,  1 170,  1 184,  1 183,  1 177,  1 194,  1 192,  1 184,  1 180,  1 165,  1 137,  1 108,  1 074,  1 038,  1 011,  1 001,   981,   946,   915,   886,   854,   819,   785,   745,   713,   680,   634,   592,   555,   546,   518,   464,   428,   400,   380,   354,   323,   294,   262,   231,   205,   180,   157,   134,   114,   96,   78,   63,   51,   40,   32,   25,   19,   15,   11,   8,   5,   4,   2,   3
1972,  1 798,  1 874,  1 858,  1 784,  1 761,  1 791,  1 859,  1 960,  2 041,  2 086,  2 140,  2 173,  2 176,  2 172,  2 154,  2 113,  2 070,  2 052,  2 013,  1 941,  1 872,  1 812,  1 781,  1 774,  1 797,  1 766,  1 563,  1 436,  1 472,  1 466,  1 365,  1 232,  1 165,  1 170,  1 180,  1 158,  1 141,  1 135,  1 116,  1 111,  1 124,  1 151,  1 172,  1 168,  1 181,  1 179,  1 173,  1 189,  1 187,  1 178,  1 174,  1 158,  1 128,  1 099,  1 065,  1 027,  1 000,   989,   967,   931,   899,   870,   836,   800,   765,   724,   690,   657,   611,   568,   530,   520,   491,   438,   402,   373,   352,   325,   295,   267,   236,   207,   181,   158,   136,   115,   97,   80,   64,   51,   41,   32,   25,   19,   14,   11,   8,   5,   4,   2,   3
1973,  1 695,  1 757,  1 854,  1 844,  1 775,  1 756,  1 792,  1 865,  1 968,  2 052,  2 097,  2 151,  2 183,  2 186,  2 182,  2 163,  2 121,  2 076,  2 059,  2 020,  1 948,  1 881,  1 823,  1 794,  1 789,  1 813,  1 783,  1 580,  1 454,  1 489,  1 481,  1 378,  1 242,  1 172,  1 176,  1 185,  1 162,  1 144,  1 136,  1 117,  1 111,  1 124,  1 150,  1 170,  1 165,  1 177,  1 175,  1 168,  1 184,  1 181,  1 172,  1 166,  1 149,  1 120,  1 090,  1 054,  1 016,   988,   975,   952,   915,   882,   851,   817,   780,   743,   702,   667,   633,   586,   543,   505,   492,   463,   411,   374,   345,   323,   298,   268,   240,   211,   183,   159,   137,   117,   97,   81,   66,   52,   41,   33,   25,   19,   14,   11,   8,   6,   4,   2,   4
1974,  1 673,  1 657,  1 739,  1 841,  1 835,  1 771,  1 757,  1 797,  1 873,  1 979,  2 063,  2 107,  2 161,  2 192,  2 194,  2 190,  2 170,  2 127,  2 082,  2 064,  2 026,  1 956,  1 891,  1 835,  1 808,  1 804,  1 828,  1 799,  1 596,  1 469,  1 503,  1 492,  1 387,  1 248,  1 177,  1 180,  1 188,  1 164,  1 145,  1 137,  1 117,  1 111,  1 123,  1 148,  1 167,  1 161,  1 173,  1 170,  1 163,  1 178,  1 175,  1 164,  1 158,  1 140,  1 110,  1 079,  1 042,  1 003,   974,   959,   935,   897,   863,   832,   797,   758,   721,   679,   643,   608,   561,   518,   479,   464,   434,   384,   347,   318,   296,   271,   242,   215,   187,   161,   138,   117,   99,   82,   67,   54,   42,   33,   26,   20,   15,   11,   8,   6,   4,   2,   4
1975,  1 676,  1 638,  1 640,  1 727,  1 833,  1 832,  1 771,  1 761,  1 804,  1 882,  1 988,  2 072,  2 116,  2 169,  2 200,  2 201,  2 196,  2 175,  2 132,  2 087,  2 069,  2 032,  1 965,  1 902,  1 848,  1 821,  1 817,  1 842,  1 812,  1 609,  1 481,  1 513,  1 499,  1 392,  1 252,  1 181,  1 182,  1 189,  1 165,  1 146,  1 137,  1 116,  1 110,  1 121,  1 145,  1 163,  1 157,  1 168,  1 165,  1 157,  1 171,  1 167,  1 156,  1 149,  1 130,  1 099,  1 068,  1 030,   989,   959,   943,   917,   879,   844,   812,   776,   736,   698,   655,   619,   582,   535,   492,   452,   436,   406,   357,   321,   292,   271,   246,   218,   192,   165,   140,   119,   100,   83,   68,   55,   44,   34,   26,   20,   15,   11,   8,   6,   4,   3,   4
1976,  1 680,  1 643,  1 622,  1 629,  1 719,  1 830,  1 832,  1 776,  1 769,  1 813,  1 891,  1 997,  2 080,  2 124,  2 176,  2 207,  2 207,  2 201,  2 180,  2 137,  2 092,  2 076,  2 040,  1 974,  1 913,  1 860,  1 834,  1 830,  1 855,  1 825,  1 621,  1 491,  1 520,  1 504,  1 396,  1 255,  1 183,  1 184,  1 190,  1 165,  1 145,  1 136,  1 115,  1 107,  1 118,  1 141,  1 159,  1 153,  1 163,  1 160,  1 151,  1 164,  1 159,  1 147,  1 139,  1 120,  1 088,  1 055,  1 016,   975,   943,   926,   899,   860,   824,   790,   753,   713,   674,   630,   593,   556,   509,   465,   426,   408,   378,   332,   296,   268,   246,   221,   194,   169,   144,   122,   102,   85,   70,   56,   45,   36,   27,   21,   16,   11,   8,   6,   4,   3,   4
1977,  1 727,  1 649,  1 628,  1 611,  1 622,  1 716,  1 830,  1 836,  1 782,  1 777,  1 822,  1 900,  2 005,  2 088,  2 131,  2 183,  2 212,  2 212,  2 205,  2 184,  2 141,  2 097,  2 083,  2 049,  1 985,  1 924,  1 872,  1 846,  1 842,  1 866,  1 835,  1 630,  1 497,  1 524,  1 508,  1 398,  1 258,  1 185,  1 185,  1 190,  1 165,  1 145,  1 135,  1 113,  1 105,  1 115,  1 138,  1 155,  1 148,  1 158,  1 153,  1 144,  1 156,  1 150,  1 137,  1 128,  1 108,  1 075,  1 042,  1 002,   959,   926,   907,   880,   839,   802,   768,   731,   690,   649,   604,   567,   529,   482,   439,   399,   380,   351,   306,   272,   243,   222,   198,   172,   148,   125,   104,   86,   71,   58,   46,   36,   28,   21,   16,   12,   8,   6,   4,   3,   4
1978,  1 774,  1 698,  1 635,  1 618,  1 605,  1 619,  1 716,  1 834,  1 842,  1 790,  1 785,  1 830,  1 907,  2 012,  2 094,  2 137,  2 187,  2 216,  2 215,  2 208,  2 187,  2 146,  2 104,  2 091,  2 059,  1 995,  1 935,  1 883,  1 857,  1 852,  1 875,  1 843,  1 635,  1 501,  1 527,  1 510,  1 400,  1 259,  1 185,  1 185,  1 190,  1 164,  1 143,  1 132,  1 110,  1 101,  1 111,  1 134,  1 150,  1 143,  1 151,  1 146,  1 136,  1 147,  1 140,  1 126,  1 117,  1 095,  1 062,  1 027,   985,   942,   908,   888,   859,   818,   780,   744,   707,   665,   623,   577,   540,   502,   455,   411,   373,   352,   325,   282,   248,   219,   198,   176,   151,   129,   108,   89,   72,   59,   47,   37,   29,   22,   16,   12,   9,   6,   4,   3,   4
1979,  1 816,  1 746,  1 684,  1 626,  1 612,  1 602,  1 619,  1 720,  1 840,  1 850,  1 798,  1 792,  1 836,  1 913,  2 018,  2 100,  2 141,  2 191,  2 219,  2 218,  2 211,  2 191,  2 151,  2 111,  2 099,  2 068,  2 005,  1 945,  1 893,  1 866,  1 861,  1 882,  1 847,  1 639,  1 504,  1 529,  1 511,  1 400,  1 259,  1 185,  1 184,  1 189,  1 162,  1 141,  1 129,  1 107,  1 098,  1 107,  1 129,  1 145,  1 137,  1 144,  1 138,  1 127,  1 137,  1 129,  1 115,  1 104,  1 081,  1 047,  1 011,   968,   924,   889,   867,   837,   795,   756,   720,   682,   639,   596,   550,   512,   474,   427,   384,   346,   326,   300,   258,   224,   197,   176,   155,   132,   111,   91,   74,   60,   48,   38,   30,   23,   17,   12,   9,   6,   4,   3,   5
1980,  1 875,  1 788,  1 732,  1 675,  1 619,  1 609,  1 602,  1 623,  1 726,  1 847,  1 857,  1 805,  1 799,  1 843,  1 920,  2 023,  2 104,  2 145,  2 195,  2 222,  2 221,  2 216,  2 197,  2 159,  2 120,  2 109,  2 078,  2 015,  1 955,  1 902,  1 875,  1 868,  1 887,  1 851,  1 641,  1 506,  1 530,  1 511,  1 400,  1 258,  1 184,  1 183,  1 187,  1 160,  1 138,  1 126,  1 103,  1 094,  1 103,  1 124,  1 140,  1 130,  1 137,  1 130,  1 118,  1 127,  1 118,  1 103,  1 090,  1 066,  1 031,   994,   950,   905,   869,   846,   814,   771,   732,   695,   656,   613,   569,   523,   484,   447,   400,   358,   321,   301,   274,   233,   201,   175,   155,   135,   113,   94,   77,   62,   49,   39,   30,   23,   17,   13,   9,   6,   4,   3,   5
1981,  1 903,  1 847,  1 774,  1 723,  1 668,  1 616,  1 608,  1 605,  1 628,  1 733,  1 856,  1 867,  1 816,  1 810,  1 854,  1 931,  2 034,  2 114,  2 155,  2 203,  2 231,  2 230,  2 225,  2 207,  2 169,  2 131,  2 120,  2 089,  2 026,  1 965,  1 912,  1 883,  1 874,  1 892,  1 854,  1 644,  1 508,  1 531,  1 511,  1 400,  1 258,  1 183,  1 182,  1 185,  1 158,  1 135,  1 122,  1 099,  1 090,  1 098,  1 119,  1 133,  1 123,  1 128,  1 121,  1 107,  1 115,  1 105,  1 089,  1 075,  1 050,  1 014,   975,   930,   884,   847,   822,   789,   745,   706,   668,   628,   584,   540,   494,   456,   418,   372,   331,   296,   275,   248,   210,   179,   154,   135,   116,   96,   79,   64,   51,   40,   31,   24,   18,   13,   9,   7,   5,   3,   5
1982,  1 919,  1 877,  1 834,  1 765,  1 716,  1 664,  1 614,  1 609,  1 608,  1 635,  1 743,  1 868,  1 880,  1 830,  1 826,  1 871,  1 947,  2 050,  2 130,  2 169,  2 217,  2 244,  2 242,  2 236,  2 218,  2 181,  2 142,  2 132,  2 100,  2 036,  1 975,  1 920,  1 890,  1 880,  1 896,  1 857,  1 646,  1 509,  1 531,  1 511,  1 399,  1 256,  1 182,  1 179,  1 182,  1 155,  1 131,  1 118,  1 095,  1 084,  1 092,  1 111,  1 125,  1 114,  1 119,  1 110,  1 096,  1 101,  1 091,  1 073,  1 058,  1 031,   994,   954,   908,   861,   823,   796,   761,   718,   677,   638,   599,   555,   510,   466,   428,   390,   345,   306,   271,   249,   223,   187,   158,   135,   117,   99,   81,   66,   53,   41,   32,   24,   18,   14,   10,   7,   5,   3,   5
1983,  1 922,  1 891,  1 863,  1 825,  1 758,  1 712,  1 662,  1 615,  1 613,  1 616,  1 645,  1 755,  1 882,  1 896,  1 847,  1 843,  1 888,  1 965,  2 067,  2 145,  2 184,  2 231,  2 257,  2 254,  2 248,  2 231,  2 193,  2 155,  2 144,  2 111,  2 046,  1 983,  1 928,  1 897,  1 885,  1 899,  1 859,  1 647,  1 509,  1 531,  1 510,  1 397,  1 254,  1 179,  1 176,  1 179,  1 151,  1 127,  1 114,  1 090,  1 079,  1 085,  1 104,  1 117,  1 105,  1 109,  1 098,  1 083,  1 087,  1 075,  1 056,  1 040,  1 011,   972,   932,   885,   837,   797,   768,   733,   689,   648,   609,   569,   525,   481,   436,   399,   361,   318,   280,   246,   224,   199,   166,   138,   117,   100,   84,   68,   54,   43,   33,   25,   18,   14,   10,   7,   5,   3,   5
1984,  1 916,  1 894,  1 878,  1 854,  1 818,  1 754,  1 710,  1 663,  1 619,  1 621,  1 626,  1 657,  1 770,  1 898,  1 913,  1 864,  1 861,  1 906,  1 982,  2 083,  2 161,  2 199,  2 245,  2 270,  2 267,  2 261,  2 244,  2 207,  2 167,  2 155,  2 121,  2 055,  1 992,  1 934,  1 902,  1 889,  1 901,  1 860,  1 647,  1 509,  1 530,  1 507,  1 395,  1 252,  1 177,  1 174,  1 176,  1 147,  1 123,  1 109,  1 084,  1 072,  1 079,  1 096,  1 108,  1 095,  1 097,  1 086,  1 069,  1 072,  1 059,  1 038,  1 020,   989,   949,   908,   860,   811,   771,   740,   704,   659,   618,   579,   538,   495,   451,   407,   370,   333,   291,   254,   222,   200,   176,   145,   120,   100,   84,   70,   56,   44,   34,   26,   19,   14,   10,   7,   5,   3,   5
1985,  1 936,  1 890,  1 881,  1 868,  1 847,  1 813,  1 752,  1 711,  1 667,  1 626,  1 630,  1 638,  1 671,  1 785,  1 914,  1 930,  1 882,  1 878,  1 923,  1 997,  2 098,  2 175,  2 211,  2 257,  2 282,  2 279,  2 273,  2 256,  2 218,  2 178,  2 164,  2 130,  2 062,  1 997,  1 939,  1 905,  1 890,  1 902,  1 860,  1 647,  1 508,  1 527,  1 505,  1 392,  1 249,  1 174,  1 170,  1 171,  1 142,  1 118,  1 103,  1 078,  1 066,  1 071,  1 088,  1 098,  1 085,  1 085,  1 072,  1 054,  1 055,  1 041,  1 019,   998,   966,   925,   883,   835,   785,   743,   711,   673,   629,   588,   548,   507,   464,   421,   378,   342,   305,   264,   229,   198,   177,   153,   125,   102,   84,   70,   57,   45,   34,   26,   20,   14,   10,   7,   5,   3,   6
1986,  1 950,  1 911,  1 878,  1 873,  1 863,  1 843,  1 812,  1 753,  1 714,  1 673,  1 635,  1 641,  1 650,  1 685,  1 799,  1 928,  1 945,  1 896,  1 892,  1 936,  2 010,  2 110,  2 186,  2 222,  2 267,  2 292,  2 289,  2 284,  2 266,  2 227,  2 186,  2 171,  2 135,  2 067,  2 001,  1 941,  1 905,  1 889,  1 900,  1 858,  1 645,  1 505,  1 525,  1 501,  1 389,  1 246,  1 170,  1 166,  1 167,  1 137,  1 112,  1 097,  1 071,  1 058,  1 063,  1 078,  1 087,  1 073,  1 072,  1 057,  1 038,  1 037,  1 021,   997,   975,   942,   900,   857,   808,   757,   714,   680,   642,   598,   557,   517,   476,   433,   391,   349,   313,   277,   238,   205,   175,   155,   133,   107,   86,   70,   57,   46,   35,   27,   20,   15,   10,   7,   5,   3,   6
1987,  1 961,  1 928,  1 901,  1 871,  1 868,  1 859,  1 842,  1 812,  1 755,  1 720,  1 681,  1 644,  1 652,  1 662,  1 697,  1 812,  1 942,  1 958,  1 909,  1 904,  1 947,  2 021,  2 119,  2 195,  2 230,  2 276,  2 301,  2 298,  2 292,  2 273,  2 233,  2 191,  2 175,  2 138,  2 069,  2 001,  1 940,  1 904,  1 888,  1 898,  1 855,  1 641,  1 503,  1 521,  1 497,  1 385,  1 242,  1 166,  1 161,  1 162,  1 132,  1 105,  1 090,  1 063,  1 050,  1 054,  1 068,  1 076,  1 060,  1 057,  1 041,  1 020,  1 018,  1 000,   975,   951,   916,   874,   830,   780,   729,   684,   650,   611,   567,   526,   486,   445,   403,   361,   320,   284,   250,   213,   181,   154,   134,   113,   90,   72,   57,   46,   36,   27,   20,   15,   11,   8,   5,   3,   6
1988,  1 998,  1 939,  1 917,  1 893,  1 865,  1 864,  1 857,  1 842,  1 815,  1 761,  1 727,  1 690,  1 655,  1 664,  1 675,  1 710,  1 825,  1 954,  1 969,  1 920,  1 915,  1 958,  2 030,  2 128,  2 203,  2 239,  2 284,  2 309,  2 306,  2 298,  2 279,  2 238,  2 195,  2 178,  2 140,  2 069,  2 000,  1 939,  1 902,  1 885,  1 895,  1 851,  1 638,  1 499,  1 516,  1 493,  1 380,  1 237,  1 161,  1 156,  1 156,  1 125,  1 098,  1 082,  1 055,  1 041,  1 043,  1 056,  1 063,  1 045,  1 041,  1 024,  1 002,   997,   978,   951,   926,   890,   846,   802,   752,   700,   654,   618,   579,   535,   495,   455,   414,   372,   331,   291,   256,   223,   188,   159,   133,   114,   95,   75,   59,   46,   36,   28,   21,   15,   11,   8,   5,   3,   6
1989,  2 051,  1 978,  1 930,  1 911,  1 889,  1 862,  1 863,  1 858,  1 845,  1 820,  1 767,  1 735,  1 699,  1 665,  1 675,  1 686,  1 722,  1 836,  1 965,  1 979,  1 929,  1 924,  1 966,  2 038,  2 135,  2 210,  2 246,  2 291,  2 315,  2 311,  2 303,  2 282,  2 241,  2 197,  2 179,  2 140,  2 067,  1 998,  1 936,  1 899,  1 882,  1 890,  1 847,  1 634,  1 494,  1 512,  1 487,  1 374,  1 231,  1 156,  1 150,  1 149,  1 118,  1 091,  1 073,  1 046,  1 031,  1 032,  1 044,  1 049,  1 030,  1 024,  1 005,   981,   975,   954,   927,   900,   863,   818,   773,   722,   670,   624,   587,   547,   504,   464,   423,   383,   342,   301,   262,   229,   198,   165,   137,   114,   96,   79,   61,   47,   36,   28,   21,   16,   11,   8,   5,   3,   6
1990,  2 100,  2 019,  1 963,  1 919,  1 903,  1 884,  1 860,  1 864,  1 863,  1 854,  1 832,  1 782,  1 752,  1 718,  1 685,  1 695,  1 707,  1 743,  1 856,  1 984,  1 998,  1 948,  1 941,  1 982,  2 053,  2 151,  2 226,  2 262,  2 305,  2 328,  2 323,  2 313,  2 291,  2 247,  2 202,  2 182,  2 140,  2 067,  1 998,  1 935,  1 897,  1 878,  1 887,  1 842,  1 630,  1 491,  1 507,  1 482,  1 369,  1 227,  1 151,  1 144,  1 143,  1 111,  1 084,  1 066,  1 037,  1 021,  1 021,  1 031,  1 035,  1 015,  1 007,   986,   960,   952,   930,   901,   873,   834,   788,   743,   693,   640,   593,   556,   516,   473,   433,   393,   353,   312,   273,   236,   204,   174,   144,   118,   97,   80,   65,   50,   38,   28,   22,   16,   12,   8,   5,   4,   6
1991,  2 104,  2 070,  2 007,  1 956,  1 916,  1 903,  1 887,  1 868,  1 876,  1 879,  1 873,  1 853,  1 806,  1 779,  1 746,  1 714,  1 726,  1 738,  1 772,  1 885,  2 011,  2 024,  1 972,  1 963,  2 003,  2 074,  2 171,  2 245,  2 279,  2 321,  2 343,  2 335,  2 325,  2 301,  2 255,  2 207,  2 185,  2 142,  2 068,  1 997,  1 933,  1 894,  1 875,  1 883,  1 838,  1 625,  1 486,  1 501,  1 476,  1 363,  1 221,  1 145,  1 138,  1 136,  1 104,  1 076,  1 057,  1 028,  1 011,  1 010,  1 018,  1 020,   998,   988,   965,   939,   928,   904,   874,   845,   805,   759,   713,   662,   609,   562,   525,   485,   442,   403,   363,   323,   283,   245,   210,   180,   152,   124,   101,   81,   67,   53,   40,   30,   22,   16,   12,   8,   6,   4,   6
1992,  2 075,  2 089,  2 068,  2 009,  1 960,  1 923,  1 914,  1 901,  1 885,  1 897,  1 902,  1 895,  1 877,  1 833,  1 807,  1 776,  1 745,  1 756,  1 767,  1 801,  1 912,  2 036,  2 047,  1 993,  1 983,  2 021,  2 091,  2 186,  2 258,  2 291,  2 332,  2 352,  2 344,  2 332,  2 306,  2 259,  2 209,  2 185,  2 141,  2 066,  1 994,  1 930,  1 889,  1 870,  1 877,  1 831,  1 619,  1 479,  1 494,  1 468,  1 356,  1 214,  1 137,  1 130,  1 128,  1 095,  1 067,  1 048,  1 017,   999,   997,  1 004,  1 004,   981,   969,   945,   916,   904,   878,   847,   816,   776,   728,   683,   631,   578,   532,   493,   453,   412,   373,   333,   293,   255,   219,   185,   157,   131,   106,   85,   68,   54,   43,   31,   23,   16,   12,   9,   6,   4,   6
1993,  2 041,  2 059,  2 087,  2 069,  2 013,  1 968,  1 934,  1 928,  1 919,  1 907,  1 920,  1 924,  1 919,  1 904,  1 862,  1 837,  1 806,  1 776,  1 787,  1 796,  1 828,  1 938,  2 060,  2 069,  2 013,  2 002,  2 038,  2 106,  2 199,  2 270,  2 302,  2 341,  2 360,  2 351,  2 338,  2 310,  2 261,  2 209,  2 183,  2 138,  2 063,  1 991,  1 925,  1 884,  1 863,  1 870,  1 824,  1 612,  1 472,  1 486,  1 460,  1 348,  1 206,  1 130,  1 122,  1 119,  1 087,  1 057,  1 037,  1 006,   987,   984,   989,   986,   962,   948,   922,   893,   878,   851,   819,   787,   745,   697,   651,   599,   547,   501,   462,   422,   381,   342,   302,   264,   227,   193,   162,   136,   112,   89,   71,   55,   44,   33,   24,   17,   12,   9,   6,   4,   6
1994,  2 004,  2 026,  2 057,  2 088,  2 074,  2 020,  1 978,  1 948,  1 945,  1 939,  1 929,  1 941,  1 947,  1 945,  1 931,  1 890,  1 866,  1 836,  1 804,  1 814,  1 822,  1 853,  1 960,  2 080,  2 088,  2 031,  2 018,  2 053,  2 119,  2 210,  2 280,  2 310,  2 349,  2 367,  2 356,  2 341,  2 312,  2 260,  2 207,  2 181,  2 135,  2 059,  1 985,  1 919,  1 877,  1 856,  1 863,  1 816,  1 604,  1 464,  1 478,  1 452,  1 338,  1 198,  1 121,  1 113,  1 110,  1 077,  1 047,  1 025,   993,   974,   968,   972,   968,   942,   927,   899,   867,   851,   822,   790,   756,   713,   665,   618,   567,   515,   469,   430,   390,   349,   310,   272,   235,   200,   168,   139,   115,   94,   74,   57,   44,   34,   25,   18,   13,   9,   6,   4,   6
1995,  1 972,  1 989,  2 024,  2 059,  2 092,  2 081,  2 030,  1 991,  1 964,  1 964,  1 961,  1 949,  1 964,  1 972,  1 971,  1 959,  1 918,  1 894,  1 863,  1 831,  1 839,  1 846,  1 875,  1 980,  2 098,  2 104,  2 046,  2 032,  2 065,  2 130,  2 220,  2 288,  2 317,  2 355,  2 371,  2 359,  2 342,  2 311,  2 258,  2 204,  2 177,  2 130,  2 053,  1 979,  1 912,  1 870,  1 849,  1 855,  1 807,  1 596,  1 456,  1 469,  1 442,  1 329,  1 189,  1 113,  1 105,  1 100,  1 066,  1 035,  1 013,   980,   959,   952,   954,   948,   921,   904,   874,   841,   823,   793,   759,   725,   681,   633,   586,   534,   483,   437,   398,   358,   317,   279,   242,   207,   175,   145,   118,   97,   77,   60,   46,   34,   26,   19,   13,   9,   6,   4,   6
1996,  1 952,  1 958,  1 988,  2 026,  2 063,  2 099,  2 090,  2 043,  2 008,  1 983,  1 986,  1 981,  1 971,  1 988,  1 998,  1 999,  1 987,  1 946,  1 922,  1 890,  1 856,  1 863,  1 868,  1 895,  1 998,  2 115,  2 120,  2 061,  2 045,  2 077,  2 140,  2 229,  2 296,  2 324,  2 360,  2 375,  2 361,  2 342,  2 309,  2 256,  2 201,  2 173,  2 125,  2 047,  1 972,  1 905,  1 862,  1 841,  1 846,  1 798,  1 587,  1 448,  1 459,  1 432,  1 320,  1 180,  1 104,  1 095,  1 090,  1 055,  1 023,  1 000,   966,   943,   934,   934,   927,   899,   880,   848,   814,   794,   763,   728,   693,   649,   600,   553,   501,   450,   406,   366,   326,   286,   249,   214,   181,   150,   123,   99,   80,   63,   47,   35,   26,   19,   14,   9,   6,   4,   6
1997,  1 942,  1 938,  1 956,  1 989,  2 030,  2 070,  2 109,  2 103,  2 059,  2 027,  2 004,  2 005,  2 003,  1 995,  2 014,  2 025,  2 026,  2 014,  1 973,  1 947,  1 914,  1 879,  1 884,  1 887,  1 913,  2 015,  2 130,  2 134,  2 073,  2 056,  2 087,  2 149,  2 237,  2 303,  2 330,  2 364,  2 377,  2 361,  2 341,  2 307,  2 253,  2 197,  2 168,  2 119,  2 040,  1 965,  1 898,  1 855,  1 832,  1 836,  1 789,  1 579,  1 439,  1 450,  1 422,  1 310,  1 171,  1 095,  1 085,  1 078,  1 043,  1 011,   985,   950,   926,   916,   914,   905,   875,   854,   821,   785,   763,   732,   696,   660,   616,   567,   519,   468,   418,   373,   333,   294,   255,   220,   186,   156,   128,   103,   82,   65,   50,   37,   27,   19,   14,   10,   6,   4,   6
1998,  1 949,  1 928,  1 936,  1 958,  1 993,  2 037,  2 080,  2 122,  2 119,  2 079,  2 048,  2 024,  2 028,  2 027,  2 022,  2 041,  2 053,  2 055,  2 042,  2 000,  1 973,  1 938,  1 901,  1 904,  1 906,  1 930,  2 031,  2 145,  2 147,  2 085,  2 067,  2 097,  2 158,  2 245,  2 309,  2 334,  2 367,  2 378,  2 360,  2 339,  2 305,  2 250,  2 193,  2 162,  2 112,  2 033,  1 958,  1 890,  1 846,  1 823,  1 827,  1 780,  1 569,  1 430,  1 440,  1 412,  1 300,  1 161,  1 085,  1 074,  1 067,  1 031,   996,   970,   933,   908,   897,   893,   882,   851,   828,   793,   756,   733,   700,   664,   627,   582,   533,   485,   435,   385,   340,   300,   262,   226,   192,   161,   132,   107,   85,   66,   51,   39,   28,   20,   14,   10,   7,   4,   6
1999,  1 966,  1 934,  1 926,  1 938,  1 963,  2 001,  2 047,  2 093,  2 139,  2 140,  2 101,  2 068,  2 047,  2 053,  2 054,  2 050,  2 070,  2 082,  2 083,  2 069,  2 026,  1 997,  1 960,  1 922,  1 924,  1 924,  1 947,  2 046,  2 158,  2 159,  2 097,  2 078,  2 107,  2 167,  2 252,  2 314,  2 338,  2 368,  2 377,  2 359,  2 337,  2 302,  2 245,  2 187,  2 155,  2 105,  2 026,  1 950,  1 882,  1 837,  1 814,  1 818,  1 769,  1 560,  1 421,  1 430,  1 401,  1 289,  1 151,  1 074,  1 062,  1 055,  1 016,   981,   953,   916,   889,   876,   871,   858,   825,   800,   764,   726,   701,   668,   631,   593,   547,   498,   451,   400,   350,   306,   268,   232,   197,   166,   136,   111,   88,   69,   52,   40,   29,   21,   14,   10,   7,   4,   6
2000,  1 994,  1 952,  1 933,  1 928,  1 943,  1 970,  2 011,  2 061,  2 110,  2 159,  2 162,  2 121,  2 092,  2 073,  2 080,  2 083,  2 079,  2 100,  2 111,  2 111,  2 096,  2 050,  2 020,  1 981,  1 941,  1 942,  1 941,  1 962,  2 060,  2 171,  2 171,  2 107,  2 088,  2 116,  2 174,  2 257,  2 318,  2 339,  2 368,  2 376,  2 357,  2 334,  2 297,  2 239,  2 180,  2 148,  2 098,  2 018,  1 941,  1 872,  1 828,  1 805,  1 807,  1 758,  1 549,  1 411,  1 420,  1 390,  1 278,  1 139,  1 063,  1 051,  1 041,  1 001,   965,   936,   897,   869,   855,   847,   833,   799,   771,   734,   695,   669,   635,   597,   558,   512,   463,   416,   365,   317,   274,   237,   203,   170,   141,   114,   91,   71,   54,   40,   30,   21,   15,   10,   7,   4,   6
2001,  2 007,  1 986,  1 954,  1 938,  1 934,  1 951,  1 981,  2 024,  2 076,  2 129,  2 179,  2 181,  2 143,  2 115,  2 097,  2 106,  2 109,  2 105,  2 125,  2 135,  2 133,  2 117,  2 070,  2 038,  1 998,  1 957,  1 956,  1 954,  1 974,  2 070,  2 180,  2 179,  2 115,  2 095,  2 121,  2 178,  2 260,  2 319,  2 339,  2 367,  2 374,  2 354,  2 330,  2 292,  2 234,  2 175,  2 142,  2 091,  2 010,  1 934,  1 865,  1 820,  1 796,  1 798,  1 749,  1 541,  1 402,  1 410,  1 379,  1 267,  1 129,  1 052,  1 039,  1 027,   986,   948,   918,   878,   849,   833,   823,   807,   772,   743,   704,   665,   637,   602,   564,   523,   476,   427,   380,   331,   284,   243,   208,   175,   144,   118,   94,   73,   56,   42,   30,   22,   15,   10,   7,   4,   6
2002,  1 999,  2 007,  1 993,  1 962,  1 946,  1 944,  1 962,  1 993,  2 038,  2 092,  2 146,  2 198,  2 200,  2 162,  2 136,  2 119,  2 127,  2 130,  2 126,  2 145,  2 154,  2 150,  2 133,  2 085,  2 052,  2 011,  1 968,  1 966,  1 963,  1 982,  2 077,  2 186,  2 184,  2 120,  2 098,  2 124,  2 180,  2 261,  2 319,  2 338,  2 365,  2 372,  2 351,  2 327,  2 288,  2 229,  2 170,  2 137,  2 085,  2 004,  1 927,  1 858,  1 813,  1 789,  1 790,  1 740,  1 533,  1 394,  1 400,  1 368,  1 256,  1 118,  1 041,  1 026,  1 012,   970,   931,   900,   859,   828,   810,   799,   781,   744,   713,   674,   634,   605,   569,   529,   488,   440,   391,   345,   297,   252,   213,   179,   149,   121,   96,   75,   58,   43,   31,   22,   16,   11,   7,   4,   6
2003,  2 014,  1 999,  2 014,  2 001,  1 971,  1 956,  1 955,  1 974,  2 007,  2 054,  2 110,  2 165,  2 217,  2 220,  2 183,  2 157,  2 141,  2 149,  2 151,  2 146,  2 163,  2 171,  2 166,  2 147,  2 098,  2 064,  2 022,  1 978,  1 975,  1 971,  1 989,  2 083,  2 191,  2 189,  2 124,  2 101,  2 126,  2 181,  2 261,  2 318,  2 337,  2 363,  2 369,  2 348,  2 322,  2 284,  2 224,  2 164,  2 131,  2 079,  1 998,  1 920,  1 851,  1 806,  1 781,  1 781,  1 731,  1 524,  1 385,  1 390,  1 357,  1 244,  1 107,  1 029,  1 012,   996,   954,   913,   880,   838,   806,   787,   774,   754,   716,   683,   643,   602,   572,   535,   494,   452,   404,   355,   310,   264,   221,   184,   153,   124,   99,   78,   59,   44,   33,   23,   16,   11,   7,   5,   6
2004,  2 037,  2 013,  2 006,  2 022,  2 010,  1 980,  1 967,  1 967,  1 988,  2 023,  2 071,  2 128,  2 184,  2 236,  2 241,  2 205,  2 179,  2 162,  2 170,  2 171,  2 164,  2 181,  2 187,  2 181,  2 161,  2 110,  2 075,  2 032,  1 987,  1 983,  1 978,  1 994,  2 088,  2 195,  2 193,  2 127,  2 103,  2 127,  2 182,  2 261,  2 317,  2 335,  2 360,  2 366,  2 344,  2 318,  2 278,  2 219,  2 158,  2 125,  2 072,  1 990,  1 913,  1 844,  1 798,  1 773,  1 772,  1 720,  1 514,  1 376,  1 378,  1 344,  1 231,  1 094,  1 015,   996,   980,   936,   894,   860,   817,   784,   763,   748,   726,   687,   653,   612,   570,   539,   500,   458,   416,   368,   320,   277,   233,   193,   157,   128,   103,   80,   62,   46,   34,   24,   17,   11,   8,   5,   7
2005,  2 056,  2 036,  2 020,  2 014,  2 030,  2 019,  1 991,  1 979,  1 981,  2 004,  2 040,  2 090,  2 147,  2 204,  2 257,  2 263,  2 227,  2 201,  2 183,  2 190,  2 190,  2 182,  2 196,  2 201,  2 194,  2 173,  2 121,  2 085,  2 041,  1 995,  1 990,  1 984,  2 000,  2 092,  2 199,  2 196,  2 129,  2 105,  2 128,  2 182,  2 260,  2 315,  2 332,  2 357,  2 361,  2 339,  2 313,  2 273,  2 213,  2 152,  2 117,  2 064,  1 982,  1 905,  1 835,  1 790,  1 763,  1 761,  1 709,  1 503,  1 365,  1 366,  1 330,  1 216,  1 079,  1 000,   980,   962,   917,   875,   839,   795,   761,   738,   721,   698,   658,   622,   580,   538,   505,   465,   423,   380,   333,   287,   245,   204,   165,   133,   106,   83,   64,   48,   35,   25,   18,   12,   8,   5,   7
2006,  2 098,  2 055,  2 043,  2 029,  2 023,  2 040,  2 030,  2 004,  1 993,  1 997,  2 022,  2 060,  2 110,  2 168,  2 225,  2 279,  2 285,  2 249,  2 222,  2 204,  2 209,  2 207,  2 198,  2 211,  2 215,  2 207,  2 184,  2 131,  2 094,  2 049,  2 002,  1 996,  1 989,  2 005,  2 096,  2 202,  2 198,  2 130,  2 106,  2 129,  2 181,  2 258,  2 313,  2 329,  2 353,  2 357,  2 334,  2 307,  2 267,  2 206,  2 145,  2 109,  2 056,  1 974,  1 896,  1 826,  1 780,  1 753,  1 749,  1 696,  1 491,  1 353,  1 352,  1 314,  1 200,  1 064,   984,   963,   943,   897,   854,   817,   772,   736,   712,   693,   669,   628,   591,   548,   505,   470,   429,   387,   345,   299,   254,   214,   175,   140,   110,   86,   66,   50,   37,   26,   18,   12,   8,   5,   7
2007,  2 142,  2 097,  2 062,  2 052,  2 037,  2 032,  2 051,  2 043,  2 018,  2 010,  2 015,  2 041,  2 079,  2 130,  2 189,  2 247,  2 302,  2 307,  2 270,  2 242,  2 222,  2 226,  2 223,  2 213,  2 225,  2 227,  2 218,  2 194,  2 140,  2 102,  2 056,  2 008,  2 002,  1 994,  2 009,  2 100,  2 204,  2 199,  2 131,  2 106,  2 128,  2 180,  2 257,  2 310,  2 325,  2 349,  2 352,  2 329,  2 302,  2 261,  2 199,  2 137,  2 101,  2 047,  1 964,  1 886,  1 816,  1 770,  1 741,  1 737,  1 683,  1 478,  1 340,  1 337,  1 297,  1 183,  1 047,   967,   945,   923,   876,   832,   794,   748,   712,   686,   665,   639,   597,   560,   516,   471,   435,   394,   352,   310,   266,   223,   185,   149,   117,   90,   69,   52,   38,   27,   19,   13,   9,   5,   8
2008,  2 143,  2 142,  2 105,  2 071,  2 061,  2 048,  2 044,  2 064,  2 058,  2 035,  2 028,  2 035,  2 061,  2 100,  2 152,  2 212,  2 270,  2 325,  2 329,  2 291,  2 262,  2 241,  2 243,  2 238,  2 227,  2 237,  2 239,  2 228,  2 203,  2 148,  2 109,  2 062,  2 014,  2 007,  1 999,  2 013,  2 102,  2 206,  2 200,  2 132,  2 106,  2 128,  2 179,  2 254,  2 307,  2 322,  2 344,  2 347,  2 323,  2 295,  2 253,  2 191,  2 129,  2 092,  2 038,  1 955,  1 876,  1 806,  1 758,  1 729,  1 723,  1 668,  1 464,  1 325,  1 320,  1 278,  1 164,  1 029,   949,   925,   902,   854,   809,   770,   724,   686,   658,   636,   609,   566,   527,   482,   437,   400,   359,   317,   276,   234,   193,   158,   125,   96,   73,   54,   40,   29,   20,   14,   9,   6,   8
2009,  2 107,  2 143,  2 149,  2 113,  2 080,  2 071,  2 059,  2 057,  2 079,  2 074,  2 054,  2 048,  2 055,  2 082,  2 122,  2 175,  2 235,  2 293,  2 347,  2 350,  2 311,  2 280,  2 258,  2 258,  2 253,  2 240,  2 249,  2 249,  2 237,  2 211,  2 155,  2 115,  2 067,  2 019,  2 011,  2 002,  2 015,  2 104,  2 207,  2 201,  2 132,  2 106,  2 127,  2 177,  2 251,  2 303,  2 317,  2 339,  2 342,  2 317,  2 288,  2 245,  2 183,  2 120,  2 083,  2 027,  1 944,  1 865,  1 794,  1 746,  1 715,  1 707,  1 651,  1 448,  1 309,  1 301,  1 258,  1 145,  1 010,   930,   904,   880,   832,   786,   745,   698,   659,   631,   606,   577,   534,   493,   448,   402,   365,   324,   283,   244,   203,   165,   133,   103,   77,   57,   42,   30,   21,   14,   10,   6,   8
2010,  2 056,  2 107,  2 150,  2 158,  2 123,  2 091,  2 083,  2 073,  2 073,  2 097,  2 094,  2 075,  2 069,  2 078,  2 106,  2 147,  2 200,  2 260,  2 317,  2 370,  2 372,  2 331,  2 299,  2 275,  2 274,  2 267,  2 252,  2 260,  2 259,  2 246,  2 219,  2 162,  2 121,  2 073,  2 024,  2 015,  2 006,  2 018,  2 106,  2 208,  2 201,  2 132,  2 105,  2 125,  2 175,  2 249,  2 300,  2 313,  2 334,  2 336,  2 310,  2 280,  2 237,  2 174,  2 111,  2 073,  2 016,  1 932,  1 852,  1 781,  1 732,  1 700,  1 691,  1 634,  1 431,  1 291,  1 281,  1 237,  1 124,   990,   910,   883,   857,   808,   761,   720,   671,   632,   602,   576,   546,   501,   459,   413,   368,   330,   290,   251,   213,   174,   139,   110,   83,   61,   44,   32,   22,   15,   10,   6,   9
2011,  2 020,  2 061,  2 119,  2 164,  2 172,  2 137,  2 106,  2 099,  2 090,  2 091,  2 117,  2 115,  2 096,  2 091,  2 101,  2 130,  2 171,  2 224,  2 284,  2 340,  2 392,  2 393,  2 351,  2 318,  2 293,  2 291,  2 283,  2 268,  2 275,  2 272,  2 258,  2 230,  2 173,  2 131,  2 082,  2 033,  2 023,  2 012,  2 024,  2 111,  2 212,  2 205,  2 135,  2 107,  2 126,  2 175,  2 248,  2 298,  2 310,  2 331,  2 331,  2 305,  2 274,  2 230,  2 166,  2 102,  2 063,  2 006,  1 921,  1 840,  1 768,  1 718,  1 685,  1 673,  1 614,  1 412,  1 273,  1 261,  1 215,  1 101,   968,   888,   860,   832,   782,   734,   692,   643,   603,   571,   544,   511,   466,   424,   378,   333,   295,   256,   218,   181,   146,   114,   88,   65,   47,   33,   23,   16,   10,   7,   9
2012,  2 010,  2 030,  2 077,  2 136,  2 181,  2 189,  2 154,  2 123,  2 117,  2 108,  2 111,  2 137,  2 135,  2 117,  2 113,  2 122,  2 152,  2 193,  2 247,  2 306,  2 362,  2 413,  2 414,  2 371,  2 338,  2 312,  2 310,  2 302,  2 285,  2 292,  2 289,  2 274,  2 245,  2 187,  2 145,  2 095,  2 044,  2 033,  2 021,  2 032,  2 118,  2 218,  2 210,  2 139,  2 111,  2 129,  2 177,  2 248,  2 297,  2 309,  2 327,  2 327,  2 300,  2 268,  2 223,  2 159,  2 094,  2 054,  1 995,  1 908,  1 827,  1 754,  1 703,  1 667,  1 654,  1 593,  1 392,  1 252,  1 238,  1 190,  1 077,   945,   865,   835,   805,   754,   706,   663,   614,   572,   539,   510,   476,   430,   387,   342,   298,   260,   222,   185,   151,   118,   90,   68,   49,   34,   24,   16,   11,   7,   10
2013,  2 007,  2 020,  2 046,  2 095,  2 154,  2 198,  2 205,  2 171,  2 140,  2 135,  2 128,  2 131,  2 157,  2 156,  2 138,  2 135,  2 145,  2 175,  2 216,  2 269,  2 328,  2 384,  2 434,  2 434,  2 392,  2 358,  2 332,  2 329,  2 320,  2 303,  2 309,  2 305,  2 289,  2 260,  2 200,  2 157,  2 106,  2 055,  2 043,  2 030,  2 040,  2 125,  2 224,  2 215,  2 143,  2 114,  2 132,  2 178,  2 248,  2 296,  2 306,  2 323,  2 322,  2 294,  2 261,  2 215,  2 150,  2 084,  2 042,  1 982,  1 894,  1 812,  1 738,  1 684,  1 648,  1 632,  1 570,  1 370,  1 230,  1 213,  1 164,  1 051,   920,   840,   808,   777,   726,   677,   632,   583,   541,   506,   475,   439,   393,   351,   306,   262,   225,   189,   154,   123,   94,   70,   51,   36,   24,   16,   11,   7,   10
2014,  2 019,  2 018,  2 037,  2 064,  2 112,  2 171,  2 215,  2 223,  2 189,  2 159,  2 155,  2 148,  2 151,  2 178,  2 178,  2 160,  2 157,  2 168,  2 197,  2 239,  2 292,  2 350,  2 405,  2 455,  2 455,  2 412,  2 377,  2 351,  2 347,  2 337,  2 320,  2 325,  2 320,  2 304,  2 273,  2 213,  2 169,  2 117,  2 064,  2 051,  2 038,  2 047,  2 131,  2 228,  2 218,  2 146,  2 117,  2 133,  2 178,  2 247,  2 293,  2 302,  2 318,  2 316,  2 287,  2 253,  2 206,  2 139,  2 072,  2 029,  1 967,  1 878,  1 794,  1 719,  1 664,  1 626,  1 608,  1 545,  1 345,  1 206,  1 187,  1 136,  1 024,   894,   813,   780,   748,   696,   646,   601,   551,   508,   472,   439,   403,   357,   314,   270,   228,   192,   157,   126,   98,   73,   53,   38,   26,   17,   11,   7,   10
2015,  2 032,  2 029,  2 034,  2 055,  2 082,  2 129,  2 188,  2 232,  2 241,  2 208,  2 179,  2 175,  2 169,  2 172,  2 200,  2 200,  2 183,  2 180,  2 191,  2 221,  2 262,  2 314,  2 372,  2 426,  2 476,  2 475,  2 431,  2 396,  2 369,  2 365,  2 354,  2 336,  2 340,  2 335,  2 317,  2 285,  2 224,  2 179,  2 126,  2 073,  2 059,  2 045,  2 053,  2 136,  2 232,  2 221,  2 149,  2 118,  2 134,  2 178,  2 245,  2 290,  2 297,  2 313,  2 309,  2 279,  2 244,  2 195,  2 127,  2 058,  2 013,  1 950,  1 859,  1 774,  1 698,  1 642,  1 602,  1 582,  1 517,  1 319,  1 180,  1 158,  1 106,   994,   865,   785,   750,   717,   664,   614,   568,   518,   474,   437,   403,   366,   320,   278,   235,   194,   160,   129,   100,   76,   55,   39,   27,   18,   11,   7,   10
2016,  2 023,  2 043,  2 047,  2 053,  2 074,  2 100,  2 148,  2 207,  2 252,  2 262,  2 229,  2 201,  2 198,  2 192,  2 196,  2 224,  2 225,  2 208,  2 205,  2 216,  2 245,  2 286,  2 337,  2 394,  2 448,  2 497,  2 496,  2 451,  2 416,  2 388,  2 383,  2 371,  2 352,  2 355,  2 349,  2 330,  2 297,  2 235,  2 188,  2 135,  2 081,  2 067,  2 052,  2 059,  2 140,  2 236,  2 224,  2 151,  2 120,  2 134,  2 176,  2 242,  2 286,  2 292,  2 306,  2 301,  2 270,  2 233,  2 183,  2 113,  2 043,  1 996,  1 931,  1 839,  1 752,  1 674,  1 618,  1 576,  1 554,  1 487,  1 291,  1 152,  1 128,  1 074,   962,   835,   755,   719,   685,   632,   581,   535,   484,   440,   402,   367,   329,   284,   242,   201,   162,   131,   103,   78,   58,   41,   28,   19,   12,   7,   10
2017,  1 996,  2 035,  2 062,  2 067,  2 073,  2 093,  2 119,  2 168,  2 227,  2 273,  2 284,  2 252,  2 224,  2 221,  2 216,  2 221,  2 249,  2 250,  2 234,  2 231,  2 241,  2 270,  2 310,  2 361,  2 417,  2 470,  2 519,  2 516,  2 471,  2 435,  2 406,  2 400,  2 388,  2 368,  2 370,  2 362,  2 342,  2 308,  2 245,  2 197,  2 143,  2 089,  2 074,  2 058,  2 063,  2 144,  2 238,  2 226,  2 152,  2 120,  2 133,  2 175,  2 239,  2 281,  2 286,  2 299,  2 292,  2 259,  2 221,  2 168,  2 097,  2 025,  1 976,  1 909,  1 816,  1 728,  1 650,  1 592,  1 548,  1 523,  1 455,  1 261,  1 122,  1 096,  1 040,   929,   804,   724,   687,   651,   598,   547,   500,   450,   405,   366,   330,   292,   247,   207,   168,   133,   105,   80,   59,   43,   29,   19,   13,   8,   11
2018,  1 960,  2 007,  2 053,  2 081,  2 086,  2 092,  2 111,  2 138,  2 187,  2 248,  2 294,  2 306,  2 274,  2 247,  2 245,  2 240,  2 245,  2 274,  2 275,  2 258,  2 255,  2 265,  2 293,  2 332,  2 383,  2 439,  2 491,  2 538,  2 535,  2 490,  2 453,  2 423,  2 416,  2 403,  2 382,  2 382,  2 374,  2 352,  2 317,  2 253,  2 205,  2 151,  2 095,  2 079,  2 062,  2 067,  2 147,  2 240,  2 227,  2 153,  2 119,  2 131,  2 172,  2 235,  2 275,  2 279,  2 290,  2 281,  2 246,  2 206,  2 152,  2 079,  2 005,  1 954,  1 885,  1 790,  1 701,  1 622,  1 563,  1 517,  1 490,  1 422,  1 229,  1 091,  1 061,  1 004,   894,   771,   692,   654,   617,   563,   512,   464,   414,   370,   330,   293,   255,   212,   174,   138,   107,   82,   61,   44,   31,   21,   13,   8,   11
2019,  1 934,  1 972,  2 025,  2 072,  2 099,  2 104,  2 110,  2 130,  2 158,  2 207,  2 268,  2 316,  2 327,  2 297,  2 270,  2 268,  2 264,  2 270,  2 298,  2 299,  2 282,  2 279,  2 288,  2 315,  2 354,  2 404,  2 459,  2 510,  2 557,  2 553,  2 507,  2 469,  2 438,  2 431,  2 416,  2 394,  2 393,  2 383,  2 361,  2 325,  2 260,  2 212,  2 156,  2 100,  2 083,  2 066,  2 070,  2 148,  2 241,  2 227,  2 152,  2 118,  2 129,  2 168,  2 229,  2 268,  2 270,  2 279,  2 268,  2 231,  2 189,  2 133,  2 058,  1 982,  1 929,  1 859,  1 763,  1 673,  1 593,  1 532,  1 485,  1 456,  1 386,  1 195,  1 057,  1 025,   967,   858,   737,   659,   619,   581,   527,   475,   428,   378,   334,   294,   257,   219,   179,   144,   111,   84,   63,   46,   32,   22,   14,   9,   12
2020,  1 889,  1 940,  1 982,  2 036,  2 083,  2 110,  2 115,  2 121,  2 141,  2 169,  2 219,  2 281,  2 328,  2 340,  2 310,  2 284,  2 282,  2 278,  2 283,  2 312,  2 312,  2 295,  2 291,  2 299,  2 327,  2 365,  2 414,  2 469,  2 519,  2 565,  2 561,  2 514,  2 475,  2 444,  2 436,  2 421,  2 398,  2 396,  2 385,  2 362,  2 326,  2 261,  2 212,  2 156,  2 099,  2 082,  2 064,  2 067,  2 144,  2 235,  2 220,  2 145,  2 110,  2 120,  2 158,  2 217,  2 254,  2 254,  2 261,  2 248,  2 209,  2 165,  2 107,  2 030,  1 953,  1 899,  1 827,  1 730,  1 640,  1 559,  1 497,  1 448,  1 417,  1 345,  1 156,  1 019,   985,   925,   817,   699,   622,   581,   541,   487,   435,   388,   338,   295,   255,   219,   184,   147,   115,   87,   64,   47,   33,   23,   15,   9,   13
2021,  1 865,  1 891,  1 945,  1 987,  2 041,  2 088,  2 115,  2 120,  2 126,  2 147,  2 175,  2 225,  2 287,  2 335,  2 346,  2 316,  2 289,  2 288,  2 283,  2 288,  2 316,  2 316,  2 298,  2 294,  2 302,  2 329,  2 367,  2 416,  2 470,  2 520,  2 565,  2 560,  2 513,  2 474,  2 443,  2 434,  2 418,  2 395,  2 393,  2 381,  2 358,  2 321,  2 255,  2 206,  2 150,  2 093,  2 075,  2 056,  2 059,  2 135,  2 224,  2 209,  2 132,  2 097,  2 105,  2 141,  2 198,  2 233,  2 231,  2 235,  2 220,  2 180,  2 134,  2 074,  1 995,  1 918,  1 862,  1 789,  1 692,  1 601,  1 519,  1 456,  1 405,  1 372,  1 299,  1 112,   977,   940,   878,   771,   656,   580,   538,   497,   443,   392,   344,   296,   253,   216,   184,   151,   118,   90,   66,   48,   34,   23,   16,   10,   14
2022,  1 896,  1 869,  1 898,  1 952,  1 994,  2 048,  2 095,  2 122,  2 127,  2 134,  2 155,  2 183,  2 234,  2 295,  2 343,  2 355,  2 324,  2 297,  2 295,  2 290,  2 294,  2 322,  2 322,  2 304,  2 299,  2 307,  2 334,  2 371,  2 420,  2 473,  2 523,  2 568,  2 562,  2 515,  2 476,  2 444,  2 435,  2 419,  2 395,  2 392,  2 380,  2 357,  2 319,  2 253,  2 204,  2 147,  2 090,  2 071,  2 052,  2 053,  2 128,  2 216,  2 199,  2 122,  2 085,  2 092,  2 126,  2 181,  2 213,  2 209,  2 212,  2 194,  2 152,  2 104,  2 043,  1 963,  1 885,  1 828,  1 754,  1 656,  1 565,  1 482,  1 418,  1 365,  1 329,  1 254,  1 070,   936,   897,   834,   729,   616,   541,   498,   456,   403,   352,   305,   258,   218,   183,   153,   123,   94,   70,   50,   35,   24,   16,   10,   15
2023,  1 894,  1 902,  1 876,  1 905,  1 959,  2 002,  2 056,  2 103,  2 130,  2 135,  2 142,  2 163,  2 191,  2 242,  2 304,  2 351,  2 363,  2 332,  2 304,  2 302,  2 296,  2 300,  2 328,  2 327,  2 309,  2 305,  2 313,  2 339,  2 377,  2 425,  2 478,  2 528,  2 573,  2 567,  2 519,  2 480,  2 448,  2 439,  2 422,  2 398,  2 395,  2 383,  2 359,  2 321,  2 255,  2 205,  2 147,  2 090,  2 070,  2 050,  2 051,  2 125,  2 211,  2 193,  2 115,  2 077,  2 082,  2 114,  2 167,  2 197,  2 192,  2 192,  2 173,  2 129,  2 080,  2 017,  1 937,  1 858,  1 800,  1 725,  1 627,  1 534,  1 450,  1 385,  1 330,  1 291,  1 214,  1 032,   900,   859,   795,   690,   580,   506,   462,   419,   367,   316,   270,   225,   187,   154,   126,   99,   73,   53,   37,   25,   17,   11,   15