1920,1.6
1921,1.5
1922,1.4
1923,1.5
1924,1.5
1925,1.5
1926,1.6
1927,1.6
1928,1.7
1929,1.7
1930,1.6
1931,1.5
1932,1.3
1933,1.3
1934,1.6
1935,1.7
1936,1.8
1937,1.9
1938,1.9
1939,1.9
1940,2
1941,2.2
1942,2.4000001
1943,2.5999999
1944,2.9000001
1945,3.5
1946,4.3000002
1947,3.4000001
1948,2.8
1949,2.7
1950,2.5999999
1951,2.5
1952,2.5
1953,2.5
1954,2.4000001
1955,2.3
1956,2.3
1957,2.2
1958,2.0999999
1959,2.2
1960,2.2
1961,2.3
1962,2.2
1963,2.3
1964,2.4000001
1965,2.5
1966,2.5
1967,2.5999999
1968,2.9000001
1969,3.2
1970,3.5
1971,3.7
1972,4
1973,4.3000002
1974,4.5999999
1975,4.8000002
1976,5
1977,5
1978,5.0999999
1979,5.3000002
1980,5.1999998
1981,5.3000002
1982,5
1983,4.9000001
1984,5
1985,5
1986,4.9000001
1987,4.8000002
1988,4.8000002
1989,4.6999998
1990,4.6999998
1991,4.6999998
1992,4.8000002
1993,4.5999999
1994,4.5999999
1995,4.4000001
1996,4.3000002
1997,4.3000002
1998,4.1999998
1999,4.0999999
2000,4.0999999
2001,4
2002,3.9000001
2003,3.8
2004,3.7
2005,3.5999999
2006,3.7
2007,3.5999999
2008,3.5
2009,3.5
2010,3.5999999
2011,3.5999999
2012,3.4000001
2013,3.3
2014,3.2
2015,3.0999999
2016,3
2017,2.9000001
2018,2.9000001