1920,12
1921,10.7
1922,10.3
1923,11
1924,10.4
1925,10.3
1926,10.2
1927,10.1
1928,9.8
1929,10.1
1930,9.2
1931,8.6
1932,7.9
1933,8.7
1934,10.3
1935,10.4
1936,10.7
1937,11.3
1938,10.3
1939,10.7
1940,12.1
1941,12.7
1942,13.2
1943,11.7
1944,10.9
1945,12.2
1946,16.4
1947,13.9
1948,12.4
1949,10.6
1950,11.1
1951,10.4
1952,9.9
1953,9.8
1954,9.2
1955,9.3
1956,9.5
1957,8.9
1958,8.4
1959,8.5
1960,8.5
1961,8.5
1962,8.5
1963,8.8
1964,9
1965,9.3
1966,9.5
1967,9.7
1968,10.4
1969,10.6
1970,10.6
1971,10.6
1972,10.9
1973,10.8
1974,10.5
1975,10
1976,9.9
1977,9.9
1978,10.3
1979,10.4
1980,10.6
1981,10.6
1982,10.6
1983,10.5
1984,10.5
1985,10.1
1986,10
1987,9.9
1988,9.7
1989,9.7
1990,9.8
1991,9.4
1992,9.3
1993,9
1994,9.1
1995,8.9
1996,8.800000191
1997,8.899999619
1998,8.399999619
1999,8.600000381
2000,8.300000191
2001,8.199999809
2002,7.800000191
2003,7.699999809
2004,7.800000191
2005,7.599999905
2006,7.5
2007,7.300000191
2008,7.099999905
2009,6.800000191
2010,6.800000191
2011,6.800000191
2012,6.800000191
2013,6.800000191
2014,6.900000095
2015,6.900000095
2016,7
2017,6.900000095
2018,6.5